수집일자,구분,본부명,지사명,저수율(%),변화율(%),평년대비(%),관심(개소),주의(개소),경계(개소),심각(개소),총개소,평년저수량(톤),현재저수량(톤),부족저수량(톤),총유역면적(m²),필요강수량(mm),3일예상강수량(mm),예상보충수량(톤),예상저수량(3일후)(톤),예상저수율(3일후)(%),예상평년대비(3일후)(%),해갈상태,예상강수량(1주)(mm),예상보충수량(1주)(톤),예상저수량(1주후)(톤),예상저수율(1주후)(%),예상평년대비(1주후)(%),해갈상태(1주)
2026-08-06,전국,전국,-,50.5,-1.3,74.5,1207,210,185,269,1871,0,0,0,0,0,-,-,-,-,-,-,-,-,-,-,-,-
2026-08-06,본부,경기,-,66.5,-1.6,91.1,95,2,0,0,97,0,0,0,0,0,-,-,-,-,-,-,-,-,-,-,-,-
2026-08-06,지사,경기,여주.이천,68.8,-1.5,92,6,0,0,0,6,4698591,4322704,375887,7853750,80,-,-,-,-,-,-,-,-,-,-,-,-
2026-08-06,지사,경기,양평.광주.서울,66.6,-0.9,83.3,8,0,0,0,8,4684706,3902360,782346,7324250,178,-,-,-,-,-,-,-,-,-,-,-,-
2026-08-06,지사,경기,화성.수원,65.2,-1,84.5,20,0,0,0,20,15459499,13063276,2396223,25044625,159,-,-,-,-,-,-,-,-,-,-,-,-
2026-08-06,지사,경기,연천.포천.가평,76.7,-1,94,11,0,0,0,11,8042321,7559782,482539,12320375,65,-,-,-,-,-,-,-,-,-,-,-,-
2026-08-06,지사,경기,파주,73,-1.3,93.1,11,1,0,0,12,10955959,10199998,755961,17465750,72,-,-,-,-,-,-,-,-,-,-,-,-
2026-08-06,지사,경기,강화.옹진,69.5,-1.8,95.9,17,0,0,0,17,21207356,20337855,869501,36578875,40,-,-,-,-,-,-,-,-,-,-,-,-
2026-08-06,지사,경기,김포,80.4,0.1,102.1,1,0,0,0,1,58272,59496,0,92500,0,-,-,-,-,-,-,-,-,-,-,-,-
2026-08-06,지사,경기,평택,63.1,-1.8,89.3,5,0,0,0,5,24158891,21573890,2585001,42737500,101,-,-,-,-,-,-,-,-,-,-,-,-
2026-08-06,지사,경기,안성,63.1,-1.8,92.2,16,1,0,0,17,30845361,28439422,2405939,56338000,71,-,-,-,-,-,-,-,-,-,-,-,-
2026-08-06,본부,강원,-,74,-1.5,97.2,74,3,0,0,77,0,0,0,0,0,-,-,-,-,-,-,-,-,-,-,-,-
2026-08-06,지사,강원,홍천.춘천,70.2,-1.1,89,27,2,0,0,29,23121198,20577866,2543332,36641500,116,-,-,-,-,-,-,-,-,-,-,-,-
2026-08-06,지사,강원,원주,67.6,-1.6,83.9,16,0,0,0,16,9678402,8120180,1558222,15015125,173,-,-,-,-,-,-,-,-,-,-,-,-
2026-08-06,지사,강원,강릉,71.4,-1.3,101.9,14,0,0,0,14,19764697,20140226,0,35259500,0,-,-,-,-,-,-,-,-,-,-,-,-
2026-08-06,지사,강원,속초.고성.양양,71.7,-1.4,99.8,9,0,0,0,9,11899901,11876101,23800,20704500,2,-,-,-,-,-,-,-,-,-,-,-,-
2026-08-06,지사,강원,철원.화천,82.4,-2,104,8,1,0,0,9,27783854,28895208,0,43833750,0,-,-,-,-,-,-,-,-,-,-,-,-
2026-08-06,본부,충북,-,68.6,-1.6,95.8,133,3,2,0,138,0,0,0,0,0,-,-,-,-,-,-,-,-,-,-,-,-
2026-08-06,지사,충북,청주,71.2,-0.5,90.4,16,0,1,0,17,22928054,20726961,2201093,36388625,101,-,-,-,-,-,-,-,-,-,-,-,-
2026-08-06,지사,충북,보은,67.4,-1.9,113.1,13,1,0,0,14,21520647,24339852,0,45140675,0,-,-,-,-,-,-,-,-,-,-,-,-
2026-08-06,지사,충북,옥천.영동,63.4,-1.5,85.5,29,1,1,0,31,16198700,13849889,2348811,27306563,143,-,-,-,-,-,-,-,-,-,-,-,-
2026-08-06,지사,충북,진천,61.7,-1.7,97.3,9,0,0,0,9,22490601,21883355,607246,44334188,23,-,-,-,-,-,-,-,-,-,-,-,-
2026-08-06,지사,충북,괴산.증평,66.2,-2.3,86.5,20,0,0,0,20,20366526,17617045,2749481,33264813,138,-,-,-,-,-,-,-,-,-,-,-,-
2026-08-06,지사,충북,음성,74.7,-1.7,97,21,1,0,0,22,24425113,23692360,732753,39645850,31,-,-,-,-,-,-,-,-,-,-,-,-
2026-08-06,지사,충북,충주.제천.단양,75.4,-1.7,97.8,25,0,0,0,25,21020795,20558338,462457,34082125,23,-,-,-,-,-,-,-,-,-,-,-,-
2026-08-06,본부,충남,-,59.8,-2.1,88.9,181,4,3,1,189,0,0,0,0,0,-,-,-,-,-,-,-,-,-,-,-,-
2026-08-06,지사,충남,천안,70.7,-1.7,91.6,19,0,0,0,19,8873004,8127672,745332,14370000,86,-,-,-,-,-,-,-,-,-,-,-,-
2026-08-06,지사,충남,공주,67.6,-1.8,102.6,12,0,0,0,12,13851576,14211717,0,26279063,0,-,-,-,-,-,-,-,-,-,-,-,-
2026-08-06,지사,충남,보령,60,-2.1,85.9,19,0,0,0,19,20712922,17792400,2920522,37067500,131,-,-,-,-,-,-,-,-,-,-,-,-
2026-08-06,지사,충남,아산,66.5,-0.7,82.5,17,1,0,0,18,20786852,17149153,3637699,32235250,188,-,-,-,-,-,-,-,-,-,-,-,-
2026-08-06,지사,충남,서산.태안,57.8,-0.9,76.5,29,1,2,0,32,29072516,22240475,6832041,48097913,237,-,-,-,-,-,-,-,-,-,-,-,-
2026-08-06,지사,충남,논산,53.8,-2.9,82.5,10,0,0,0,10,24931768,20568708,4363060,47789750,152,-,-,-,-,-,-,-,-,-,-,-,-
2026-08-06,지사,충남,세종.대전.금산,67.5,-1.2,90.9,12,0,0,0,12,11289431,10262093,1027338,19003875,90,-,-,-,-,-,-,-,-,-,-,-,-
2026-08-06,지사,충남,부여,68.1,-1.6,93.1,10,0,0,0,10,11884584,11064547,820037,20309375,67,-,-,-,-,-,-,-,-,-,-,-,-
2026-08-06,지사,충남,서천,55.4,-2,86.7,8,0,0,0,8,19845852,17206354,2639498,38823000,113,-,-,-,-,-,-,-,-,-,-,-,-
2026-08-06,지사,충남,청양,75.4,-1.6,108,17,0,0,1,18,17204255,18580596,0,30803375,0,-,-,-,-,-,-,-,-,-,-,-,-
2026-08-06,지사,충남,홍성,61.8,-2.2,86.7,9,1,0,0,10,7660563,6641708,1018855,13433875,126,-,-,-,-,-,-,-,-,-,-,-,-
2026-08-06,지사,충남,예산,53.4,-3.1,93.2,13,0,0,0,13,60519561,56404231,4115330,132032375,52,-,-,-,-,-,-,-,-,-,-,-,-
2026-08-06,지사,충남,당진,56.3,-1.9,70,6,1,1,0,8,4390194,3073135,1317059,6823125,322,-,-,-,-,-,-,-,-,-,-,-,-
2026-08-06,본부,전북,-,44,-1.3,68,132,35,21,15,203,0,0,0,0,0,-,-,-,-,-,-,-,-,-,-,-,-
2026-08-06,지사,전북,남원,44.4,-1.5,66.3,10,5,0,4,19,31602956,20952760,10650196,58988625,301,-,-,-,-,-,-,-,-,-,-,-,-
2026-08-06,지사,전북,순창,49.4,-2.2,81.3,17,6,5,1,29,13180625,10715848,2464777,27115000,152,-,-,-,-,-,-,-,-,-,-,-,-
2026-08-06,지사,전북,동진,52.8,-0.4,74,6,1,0,0,7,15994761,11836123,4158638,28021125,247,-,-,-,-,-,-,-,-,-,-,-,-
2026-08-06,지사,전북,부안,47.8,-1.1,69.8,8,2,1,0,11,20202280,14101191,6101089,36875500,276,-,-,-,-,-,-,-,-,-,-,-,-
2026-08-06,지사,전북,군산,52.5,-0.7,77.3,9,1,0,0,10,16016235,12380550,3635685,29477500,206,-,-,-,-,-,-,-,-,-,-,-,-
2026-08-06,지사,전북,익산,52.1,-3.2,76.9,9,0,0,0,9,4175859,3211236,964623,7704500,209,-,-,-,-,-,-,-,-,-,-,-,-
2026-08-06,지사,전북,전주.완주.임실,41.6,-1.2,66.1,21,7,4,5,37,81771503,54050963,27720540,162412750,284,-,-,-,-,-,-,-,-,-,-,-,-
2026-08-06,지사,전북,고창,40.4,-1.7,58.7,16,4,5,4,29,21114272,12394078,8720194,38348013,379,-,-,-,-,-,-,-,-,-,-,-,-
2026-08-06,지사,전북,정읍,36.7,-1.4,60.7,5,4,4,0,13,22347035,13564650,8782385,46201125,317,-,-,-,-,-,-,-,-,-,-,-,-
2026-08-06,지사,전북,무진장,43.7,-1,70.4,31,5,2,1,39,35302790,24853165,10449625,71090288,245,-,-,-,-,-,-,-,-,-,-,-,-
2026-08-06,본부,전남,-,43.9,-0.9,68,295,82,64,65,506,0,0,0,0,0,-,-,-,-,-,-,-,-,-,-,-,-
2026-08-06,지사,전남,광주,36.2,0,57.1,8,1,2,2,13,3094371,1766886,1327485,6101125,363,-,-,-,-,-,-,-,-,-,-,-,-
2026-08-06,지사,전남,순천.광양.여수,50.6,-1.6,62.8,20,7,1,0,28,15160421,9520744,5639677,23519625,400,-,-,-,-,-,-,-,-,-,-,-,-
2026-08-06,지사,전남,나주,52.1,-0.8,91.3,31,3,4,3,41,68757106,62775238,5981868,150612375,66,-,-,-,-,-,-,-,-,-,-,-,-
2026-08-06,지사,전남,담양,47.8,-1.2,76,10,1,3,1,15,61508398,46746383,14762015,122244725,201,-,-,-,-,-,-,-,-,-,-,-,-
2026-08-06,지사,전남,곡성,32.8,-1.1,55,7,5,3,12,27,10461208,5753664,4707544,21927075,358,-,-,-,-,-,-,-,-,-,-,-,-
2026-08-06,지사,전남,구례,44.2,-1.5,58,4,5,3,4,16,11109899,6443741,4666158,18223250,427,-,-,-,-,-,-,-,-,-,-,-,-
2026-08-06,지사,전남,고흥,40.4,-1.1,55.5,11,11,11,4,37,17285595,9593505,7692090,29682875,432,-,-,-,-,-,-,-,-,-,-,-,-
2026-08-06,지사,전남,보성,50.7,-1.5,63.8,13,7,1,3,24,19036618,12145362,6891256,29944188,384,-,-,-,-,-,-,-,-,-,-,-,-
2026-08-06,지사,전남,화순,35.7,-1.2,54.7,9,2,5,7,23,19875828,10872078,9003750,38067500,394,-,-,-,-,-,-,-,-,-,-,-,-
2026-08-06,지사,전남,장흥,46,-0.9,64.9,12,6,3,4,25,16055276,10419874,5635402,28314875,332,-,-,-,-,-,-,-,-,-,-,-,-
2026-08-06,지사,전남,강진,50.8,-1.3,74.9,16,5,1,1,23,21069656,15781172,5288484,38831625,227,-,-,-,-,-,-,-,-,-,-,-,-
2026-08-06,지사,전남,해남.완도,46.5,-1.4,67.2,35,7,8,8,58,27048054,18176292,8871762,48861000,303,-,-,-,-,-,-,-,-,-,-,-,-
2026-08-06,지사,전남,영암,46.4,-0.3,73.8,24,5,4,3,36,11354155,8379367,2974788,22573725,220,-,-,-,-,-,-,-,-,-,-,-,-
2026-08-06,지사,전남,목포.무안.신안,45.7,-1.5,67.5,36,6,3,5,50,11033220,7447423,3585797,20370414,293,-,-,-,-,-,-,-,-,-,-,-,-
2026-08-06,지사,전남,함평,42.7,0.7,67.3,13,2,3,1,19,10122121,6812187,3309934,19942000,277,-,-,-,-,-,-,-,-,-,-,-,-
2026-08-06,지사,전남,영광,33.4,0.3,52.2,13,4,3,4,24,18302560,9553936,8748624,35755750,408,-,-,-,-,-,-,-,-,-,-,-,-
2026-08-06,지사,전남,장성,33.6,-0.7,54.4,22,1,3,0,26,75905859,41292787,34613072,153619000,376,-,-,-,-,-,-,-,-,-,-,-,-
2026-08-06,지사,전남,진도,47.8,-1.7,69.5,11,4,3,3,21,9066594,6301283,2765311,16478250,280,-,-,-,-,-,-,-,-,-,-,-,-
2026-08-06,본부,경북,-,46.4,-1.2,68.7,199,31,38,65,333,0,0,0,0,0,-,-,-,-,-,-,-,-,-,-,-,-
2026-08-06,지사,경북,포항.울릉,32.8,-1.4,48.3,11,7,10,4,32,27791175,13423138,14368037,51155250,468,-,-,-,-,-,-,-,-,-,-,-,-
2026-08-06,지사,경북,경주,25.3,-0.7,37.2,12,4,9,22,47,31696207,11790989,19905218,58255875,569,-,-,-,-,-,-,-,-,-,-,-,-
2026-08-06,지사,경북,안동,51,-0.5,81.5,10,0,2,0,12,5651926,4606320,1045606,11290000,154,-,-,-,-,-,-,-,-,-,-,-,-
2026-08-06,지사,경북,구미.김천,60.1,-1.7,79.8,14,0,0,0,14,14819508,11825967,2993541,24596438,203,-,-,-,-,-,-,-,-,-,-,-,-
2026-08-06,지사,경북,영주.봉화,73,-1.1,108.7,11,0,0,0,11,18210169,19794454,0,33894613,0,-,-,-,-,-,-,-,-,-,-,-,-
2026-08-06,지사,경북,영천,45.5,-0.2,63.1,15,4,2,11,32,15158999,9565329,5593670,26278375,355,-,-,-,-,-,-,-,-,-,-,-,-
2026-08-06,지사,경북,상주,55.7,-2.3,81.8,18,1,0,0,19,20499439,16768541,3730898,37631375,165,-,-,-,-,-,-,-,-,-,-,-,-
2026-08-06,지사,경북,문경,62,-2.4,85.3,6,0,0,0,6,25636673,21868082,3768591,44088875,142,-,-,-,-,-,-,-,-,-,-,-,-
2026-08-06,지사,경북,경산.청도,42.5,-0.6,60.5,19,7,3,4,33,24949783,15094619,9855164,44395938,370,-,-,-,-,-,-,-,-,-,-,-,-
2026-08-06,지사,경북,의성.군위,41.8,-1.2,74.2,20,0,3,7,30,17335175,12862700,4472475,38465013,194,-,-,-,-,-,-,-,-,-,-,-,-
2026-08-06,지사,경북,청송.영양,41,-1,66.5,9,3,3,4,19,12670911,8426156,4244755,25689500,275,-,-,-,-,-,-,-,-,-,-,-,-
2026-08-06,지사,경북,영덕.울진,46.2,-2.2,72.9,19,3,1,5,28,16735174,12199942,4535232,33008500,229,-,-,-,-,-,-,-,-,-,-,-,-
2026-08-06,지사,경북,고령,41.8,-1.8,73.4,1,0,1,5,7,4540482,3332714,1207768,9966250,202,-,-,-,-,-,-,-,-,-,-,-,-
2026-08-06,지사,경북,성주,43.8,-0.8,67,6,0,0,0,6,23772221,15927388,7844833,45454875,288,-,-,-,-,-,-,-,-,-,-,-,-
2026-08-06,지사,경북,칠곡,42.8,-1.4,52.9,10,2,3,2,17,8217163,4346879,3870284,12695325,508,-,-,-,-,-,-,-,-,-,-,-,-
2026-08-06,지사,경북,예천,70.9,-1.2,103.6,10,0,0,0,10,5799832,6008626,0,10593488,0,-,-,-,-,-,-,-,-,-,-,-,-
2026-08-06,지사,경북,달성,49.5,-0.5,69.4,8,0,1,1,10,15218468,10561617,4656851,26670750,291,-,-,-,-,-,-,-,-,-,-,-,-
2026-08-06,본부,경남,-,36,-1.2,49.9,90,50,57,121,318,0,0,0,0,0,-,-,-,-,-,-,-,-,-,-,-,-
2026-08-06,지사,경남,김해.양산.부산,30.7,-1,47.7,1,1,2,1,5,2042097,974080,1068017,3966125,449,-,-,-,-,-,-,-,-,-,-,-,-
2026-08-06,지사,경남,고성.통영.거제,42.2,-1.4,52.5,11,4,6,10,31,17261086,9062070,8199016,26842625,509,-,-,-,-,-,-,-,-,-,-,-,-
2026-08-06,지사,경남,울산,36.5,-1.3,46.3,7,6,5,13,31,10875526,5035368,5840158,17244413,564,-,-,-,-,-,-,-,-,-,-,-,-
2026-08-06,지사,경남,진주.산청,34.1,-1.2,45.5,21,9,8,19,57,28926760,13161676,15765084,48246613,545,-,-,-,-,-,-,-,-,-,-,-,-
2026-08-06,지사,경남,의령,30.4,-1,42,2,4,2,11,19,11720648,4922672,6797976,20241250,560,-,-,-,-,-,-,-,-,-,-,-,-
2026-08-06,지사,경남,함안,31,-1.5,46.1,2,0,2,6,10,4049098,1866634,2182464,7526750,483,-,-,-,-,-,-,-,-,-,-,-,-
2026-08-06,지사,경남,창녕,33.2,-0.7,46.8,5,1,6,8,20,8210899,3842701,4368198,14468000,503,-,-,-,-,-,-,-,-,-,-,-,-
2026-08-06,지사,경남,밀양,27,-1.2,36.1,4,2,2,21,29,12085006,4362687,7722319,20197625,637,-,-,-,-,-,-,-,-,-,-,-,-
2026-08-06,지사,경남,창원,27.8,-1.3,40.2,2,2,1,8,13,9994722,4017878,5976844,18066000,551,-,-,-,-,-,-,-,-,-,-,-,-
2026-08-06,지사,경남,사천,44.4,-1.7,58.4,11,8,2,5,26,15853613,9258510,6595103,26065625,422,-,-,-,-,-,-,-,-,-,-,-,-
2026-08-06,지사,경남,거창.함양,45,-1.8,70.1,9,6,8,2,25,22255292,15600960,6654332,43336000,256,-,-,-,-,-,-,-,-,-,-,-,-
2026-08-06,지사,경남,합천,36.6,-1.3,49.2,7,3,8,9,27,14545376,7156325,7389051,24441000,504,-,-,-,-,-,-,-,-,-,-,-,-
2026-08-06,지사,경남,하동.남해,33.5,-0.9,48.4,8,4,5,8,25,34930602,16906412,18024190,63083625,476,-,-,-,-,-,-,-,-,-,-,-,-
2026-08-06,본부,제주,-,52.1,0.2,89.3,8,0,0,2,10,0,0,0,0,0,-,-,-,-,-,-,-,-,-,-,-,-
2026-08-06,지사,제주,제주본부직할,52.1,0.2,89.3,8,0,0,2,10,2226940,1988657,238283,4771250,83,-,-,-,-,-,-,-,-,-,-,-,-
2026-08-07,전국,전국,-,49.6,-1.3,73.6,1182,218,186,285,1871,0,0,0,0,0,-,-,-,-,-,-,-,-,-,-,-,-
2026-08-07,본부,경기,-,65.3,-1.7,89.8,94,3,0,0,97,0,0,0,0,0,-,-,-,-,-,-,-,-,-,-,-,-
2026-08-07,지사,경기,여주.이천,67.7,-1.6,90.7,6,0,0,0,6,4689736,4253591,436145,7853750,93,-,-,-,-,-,-,-,-,-,-,-,-
2026-08-07,지사,경기,양평.광주.서울,65.8,-1.1,82,8,0,0,0,8,4701811,3855485,846326,7324250,193,-,-,-,-,-,-,-,-,-,-,-,-
2026-08-07,지사,경기,화성.수원,64.3,-1.2,83.5,20,0,0,0,20,15428689,12882955,2545734,25044625,169,-,-,-,-,-,-,-,-,-,-,-,-
2026-08-07,지사,경기,연천.포천.가평,76,-1.1,93.4,11,0,0,0,11,8020116,7490788,529328,12320375,72,-,-,-,-,-,-,-,-,-,-,-,-
2026-08-07,지사,경기,파주,72,-1.5,92,11,1,0,0,12,10935078,10060272,874806,17465750,83,-,-,-,-,-,-,-,-,-,-,-,-
2026-08-07,지사,경기,강화.옹진,67.3,-2.8,93.3,16,1,0,0,17,21108324,19694066,1414258,36578875,64,-,-,-,-,-,-,-,-,-,-,-,-
2026-08-07,지사,경기,김포,74.8,-5.8,95.1,1,0,0,0,1,58204,55352,2852,92500,51,-,-,-,-,-,-,-,-,-,-,-,-
2026-08-07,지사,경기,평택,61.7,-1.9,88.2,5,0,0,0,5,23917494,21095230,2822264,42737500,110,-,-,-,-,-,-,-,-,-,-,-,-
2026-08-07,지사,경기,안성,62.3,-1.3,91.3,16,1,0,0,17,30754501,28078859,2675642,56338000,79,-,-,-,-,-,-,-,-,-,-,-,-
2026-08-07,본부,강원,-,72.9,-1.5,95.7,72,5,0,0,77,0,0,0,0,0,-,-,-,-,-,-,-,-,-,-,-,-
2026-08-07,지사,강원,홍천.춘천,69.4,-1.1,88.1,27,2,0,0,29,23091215,20343361,2747854,36641500,125,-,-,-,-,-,-,-,-,-,-,-,-
2026-08-07,지사,강원,원주,66.5,-1.6,82.9,15,1,0,0,16,9635762,7988047,1647715,15015125,183,-,-,-,-,-,-,-,-,-,-,-,-
2026-08-07,지사,강원,강릉,70.3,-1.5,100.7,14,0,0,0,14,19692098,19829943,0,35259500,0,-,-,-,-,-,-,-,-,-,-,-,-
2026-08-07,지사,강원,속초.고성.양양,70.7,-1.3,96.8,9,0,0,0,9,12097588,11710465,387123,20704500,31,-,-,-,-,-,-,-,-,-,-,-,-
2026-08-07,지사,강원,철원.화천,81.2,-1.9,102.6,7,2,0,0,9,27752830,28474404,0,43833750,0,-,-,-,-,-,-,-,-,-,-,-,-
2026-08-07,본부,충북,-,67.4,-1.7,94.5,132,4,0,2,138,0,0,0,0,0,-,-,-,-,-,-,-,-,-,-,-,-
2026-08-07,지사,충북,청주,70.6,-0.7,90,16,0,0,1,17,22835884,20552295,2283589,36388625,105,-,-,-,-,-,-,-,-,-,-,-,-
2026-08-07,지사,충북,보은,66,-2.1,112.6,13,1,0,0,14,21167208,23834276,0,45140675,0,-,-,-,-,-,-,-,-,-,-,-,-
2026-08-07,지사,충북,옥천.영동,62.4,-1.5,84.3,28,2,0,1,31,16170149,13631436,2538713,27306563,155,-,-,-,-,-,-,-,-,-,-,-,-
2026-08-07,지사,충북,진천,60.4,-1.8,95.7,9,0,0,0,9,22384827,21422279,962548,44334188,36,-,-,-,-,-,-,-,-,-,-,-,-
2026-08-07,지사,충북,괴산.증평,64.8,-2.2,85,20,0,0,0,20,20287622,17244479,3043143,33264813,152,-,-,-,-,-,-,-,-,-,-,-,-
2026-08-07,지사,충북,음성,73.4,-1.8,95.1,21,1,0,0,22,24479541,23280043,1199498,39645850,50,-,-,-,-,-,-,-,-,-,-,-,-
2026-08-07,지사,충북,충주.제천.단양,74.3,-1.7,96.2,25,0,0,0,25,21058644,20258415,800229,34082125,39,-,-,-,-,-,-,-,-,-,-,-,-
2026-08-07,본부,충남,-,58.5,-2,87.7,180,6,2,1,189,0,0,0,0,0,-,-,-,-,-,-,-,-,-,-,-,-
2026-08-07,지사,충남,천안,69.1,-2.2,90,19,0,0,0,19,8826373,7943736,882637,14370000,102,-,-,-,-,-,-,-,-,-,-,-,-
2026-08-07,지사,충남,공주,66.3,-1.9,101,12,0,0,0,12,13800411,13938415,0,26279063,0,-,-,-,-,-,-,-,-,-,-,-,-
2026-08-07,지사,충남,보령,58.5,-2.2,84.2,19,0,0,0,19,20602838,17347590,3255248,37067500,146,-,-,-,-,-,-,-,-,-,-,-,-
2026-08-07,지사,충남,아산,65.9,-1.1,82,17,1,0,0,18,20724907,16994424,3730483,32235250,193,-,-,-,-,-,-,-,-,-,-,-,-
2026-08-07,지사,충남,서산.태안,56.7,-1.4,75.6,28,2,2,0,32,28858748,21817213,7041535,48097913,244,-,-,-,-,-,-,-,-,-,-,-,-
2026-08-07,지사,충남,논산,52.1,-2.6,80.3,10,0,0,0,10,24805439,19918768,4886671,47789750,170,-,-,-,-,-,-,-,-,-,-,-,-
2026-08-07,지사,충남,세종.대전.금산,67.2,-0.7,91,12,0,0,0,12,11226905,10216483,1010422,19003875,89,-,-,-,-,-,-,-,-,-,-,-,-
2026-08-07,지사,충남,부여,67.1,-1.5,91.9,10,0,0,0,10,11862973,10902072,960901,20309375,79,-,-,-,-,-,-,-,-,-,-,-,-
2026-08-07,지사,충남,서천,53.8,-2.2,84.9,8,0,0,0,8,19681295,16709419,2971876,38823000,128,-,-,-,-,-,-,-,-,-,-,-,-
2026-08-07,지사,충남,청양,74.2,-1.8,106.6,17,0,0,1,18,17152799,18284883,0,30803375,0,-,-,-,-,-,-,-,-,-,-,-,-
2026-08-07,지사,충남,홍성,60.4,-2.2,85.4,9,1,0,0,10,7600993,6491248,1109745,13433875,138,-,-,-,-,-,-,-,-,-,-,-,-
2026-08-07,지사,충남,예산,51.9,-2.6,92.1,13,0,0,0,13,59522087,54819842,4702245,132032375,59,-,-,-,-,-,-,-,-,-,-,-,-
2026-08-07,지사,충남,당진,56.1,-0.9,69.7,6,2,0,0,8,4393427,3062219,1331208,6823125,325,-,-,-,-,-,-,-,-,-,-,-,-
2026-08-07,본부,전북,-,42.9,-1.4,66.8,129,35,23,16,203,0,0,0,0,0,-,-,-,-,-,-,-,-,-,-,-,-
2026-08-07,지사,전북,남원,43.2,-1.7,64.7,10,5,0,4,19,31509225,20386469,11122756,58988625,314,-,-,-,-,-,-,-,-,-,-,-,-
2026-08-07,지사,전북,순창,48.8,-1.2,80.7,15,6,6,2,29,13117343,10585696,2531647,27115000,156,-,-,-,-,-,-,-,-,-,-,-,-
2026-08-07,지사,전북,동진,51.1,-1.8,72.3,6,1,0,0,7,15843756,11455036,4388720,28021125,261,-,-,-,-,-,-,-,-,-,-,-,-
2026-08-07,지사,전북,부안,46.4,-1.8,68,8,2,1,0,11,20129685,13688186,6441499,36875500,291,-,-,-,-,-,-,-,-,-,-,-,-
2026-08-07,지사,전북,군산,51.8,-0.7,76.9,9,1,0,0,10,15884884,12215476,3669408,29477500,207,-,-,-,-,-,-,-,-,-,-,-,-
2026-08-07,지사,전북,익산,50.3,-3.1,74.6,9,0,0,0,9,4155886,3100291,1055595,7704500,228,-,-,-,-,-,-,-,-,-,-,-,-
2026-08-07,지사,전북,전주.완주.임실,40.7,-1.3,65,21,8,3,5,37,81356294,52881591,28474703,162412750,292,-,-,-,-,-,-,-,-,-,-,-,-
2026-08-07,지사,전북,고창,39,-1.9,57.2,15,5,5,4,29,20917098,11964580,8952518,38348013,389,-,-,-,-,-,-,-,-,-,-,-,-
2026-08-07,지사,전북,정읍,35.2,-1.8,58.8,5,2,6,0,13,22126253,13010237,9116016,46201125,329,-,-,-,-,-,-,-,-,-,-,-,-
2026-08-07,지사,전북,무진장,43.1,-1,69.8,31,5,2,1,39,35117380,24511931,10605449,71090288,249,-,-,-,-,-,-,-,-,-,-,-,-
2026-08-07,본부,전남,-,43.3,-0.8,67.5,285,87,66,68,506,0,0,0,0,0,-,-,-,-,-,-,-,-,-,-,-,-
2026-08-07,지사,전남,광주,35.5,-0.8,56.4,8,1,1,3,13,3072198,1732720,1339478,6101125,366,-,-,-,-,-,-,-,-,-,-,-,-
2026-08-07,지사,전남,순천.광양.여수,49.2,-2.1,61.4,19,8,1,0,28,15077076,9257324,5819752,23519625,412,-,-,-,-,-,-,-,-,-,-,-,-
2026-08-07,지사,전남,나주,51.6,-0.8,90.9,30,3,4,4,41,68396907,62172788,6224119,150612375,69,-,-,-,-,-,-,-,-,-,-,-,-
2026-08-07,지사,전남,담양,47,-1.2,75,9,1,4,1,15,61285355,45964017,15321338,122244725,209,-,-,-,-,-,-,-,-,-,-,-,-
2026-08-07,지사,전남,곡성,31.9,-1.2,53.9,7,4,4,12,27,10381799,5595790,4786009,21927075,364,-,-,-,-,-,-,-,-,-,-,-,-
2026-08-07,지사,전남,구례,43.3,-1.4,56.9,4,5,3,4,16,11094084,6312534,4781550,18223250,437,-,-,-,-,-,-,-,-,-,-,-,-
2026-08-07,지사,전남,고흥,39.3,-1.5,54.6,11,11,9,6,37,17092117,9332296,7759821,29682875,436,-,-,-,-,-,-,-,-,-,-,-,-
2026-08-07,지사,전남,보성,49.7,-1.4,62.8,13,6,2,3,24,18958295,11905809,7052486,29944188,393,-,-,-,-,-,-,-,-,-,-,-,-
2026-08-07,지사,전남,화순,35,-1.1,54,9,2,7,5,23,19738704,10658900,9079804,38067500,398,-,-,-,-,-,-,-,-,-,-,-,-
2026-08-07,지사,전남,장흥,45,-0.4,64.3,11,7,2,5,25,15852807,10193355,5659452,28314875,333,-,-,-,-,-,-,-,-,-,-,-,-
2026-08-07,지사,전남,강진,50.1,-1.2,74.3,16,4,2,1,23,20947127,15563715,5383412,38831625,231,-,-,-,-,-,-,-,-,-,-,-,-
2026-08-07,지사,전남,해남.완도,45.7,-1.3,66.7,31,10,9,8,58,26781981,17863582,8918399,48861000,304,-,-,-,-,-,-,-,-,-,-,-,-
2026-08-07,지사,전남,영암,45.5,-1.2,72.8,24,5,4,3,36,11286863,8216836,3070027,22573725,227,-,-,-,-,-,-,-,-,-,-,-,-
2026-08-07,지사,전남,목포.무안.신안,44.9,-1.5,67.1,35,7,3,5,50,10904698,7317053,3587645,20370414,294,-,-,-,-,-,-,-,-,-,-,-,-
2026-08-07,지사,전남,함평,43.3,0.9,69.1,12,4,2,1,19,9996974,6907909,3089065,19942000,258,-,-,-,-,-,-,-,-,-,-,-,-
2026-08-07,지사,전남,영광,33.7,0.5,53.2,14,3,3,4,24,18119831,9639750,8480081,35755750,395,-,-,-,-,-,-,-,-,-,-,-,-
2026-08-07,지사,전남,장성,33.5,-0.2,54.6,21,2,3,0,26,75402733,41169892,34232841,153619000,371,-,-,-,-,-,-,-,-,-,-,-,-
2026-08-07,지사,전남,진도,46.8,-1.3,68.9,11,4,3,3,21,8954219,6169457,2784762,16478250,282,-,-,-,-,-,-,-,-,-,-,-,-
2026-08-07,본부,경북,-,45.7,-1.2,67.9,194,30,42,67,333,0,0,0,0,0,-,-,-,-,-,-,-,-,-,-,-,-
2026-08-07,지사,경북,포항.울릉,31.8,-1.5,47,10,5,10,7,32,27689140,13013896,14675244,51155250,478,-,-,-,-,-,-,-,-,-,-,-,-
2026-08-07,지사,경북,경주,24.7,-0.7,36.6,12,2,11,22,47,31451806,11511361,19940445,58255875,570,-,-,-,-,-,-,-,-,-,-,-,-
2026-08-07,지사,경북,안동,50.7,-0.5,81.4,10,0,2,0,12,5625582,4579224,1046358,11290000,154,-,-,-,-,-,-,-,-,-,-,-,-
2026-08-07,지사,경북,구미.김천,59.5,-1.2,79.4,14,0,0,0,14,14745471,11707904,3037567,24596438,206,-,-,-,-,-,-,-,-,-,-,-,-
2026-08-07,지사,경북,영주.봉화,72.4,-1,108.2,11,0,0,0,11,18143955,19631760,0,33894613,0,-,-,-,-,-,-,-,-,-,-,-,-
2026-08-07,지사,경북,영천,44.8,-1.3,62.7,13,5,3,11,32,15021004,9418170,5602834,26278375,355,-,-,-,-,-,-,-,-,-,-,-,-
2026-08-07,지사,경북,상주,54.2,-2.2,79.9,17,2,0,0,19,20421732,16316964,4104768,37631375,182,-,-,-,-,-,-,-,-,-,-,-,-
2026-08-07,지사,경북,문경,60.3,-2.4,83.2,6,0,0,0,6,25563069,21268473,4294596,44088875,162,-,-,-,-,-,-,-,-,-,-,-,-
2026-08-07,지사,경북,경산.청도,42.1,-0.6,60.2,20,6,3,4,33,24838126,14952552,9885574,44395938,371,-,-,-,-,-,-,-,-,-,-,-,-
2026-08-07,지사,경북,의성.군위,41.1,-1.1,73.6,20,1,3,6,30,17183826,12647296,4536530,38465013,197,-,-,-,-,-,-,-,-,-,-,-,-
2026-08-07,지사,경북,청송.영양,40.3,-1,65.7,9,3,3,4,19,12606233,8282295,4323938,25689500,281,-,-,-,-,-,-,-,-,-,-,-,-
2026-08-07,지사,경북,영덕.울진,46.9,-0.5,74.5,19,2,2,5,28,16623878,12384789,4239089,33008500,214,-,-,-,-,-,-,-,-,-,-,-,-
2026-08-07,지사,경북,고령,40.8,-1.6,71.8,1,0,1,5,7,4530618,3252984,1277634,9966250,214,-,-,-,-,-,-,-,-,-,-,-,-
2026-08-07,지사,경북,성주,42.8,-1.3,65.9,5,1,0,0,6,23617222,15563749,8053473,45454875,295,-,-,-,-,-,-,-,-,-,-,-,-
2026-08-07,지사,경북,칠곡,41.9,-1.3,51.8,9,3,3,2,17,8215199,4255473,3959726,12695325,520,-,-,-,-,-,-,-,-,-,-,-,-
2026-08-07,지사,경북,예천,70.3,-1.1,102.4,10,0,0,0,10,5818142,5957777,0,10593488,0,-,-,-,-,-,-,-,-,-,-,-,-
2026-08-07,지사,경북,달성,48.6,-1,68.5,8,0,1,1,10,15138084,10369588,4768496,26670750,298,-,-,-,-,-,-,-,-,-,-,-,-
2026-08-07,본부,경남,-,35.5,-1,49.4,88,48,53,129,318,0,0,0,0,0,-,-,-,-,-,-,-,-,-,-,-,-
2026-08-07,지사,경남,김해.양산.부산,30,-1,47,1,0,3,1,5,2025255,951870,1073385,3966125,451,-,-,-,-,-,-,-,-,-,-,-,-
2026-08-07,지사,경남,고성.통영.거제,41.8,-0.8,52.5,11,4,6,10,31,17097474,8976174,8121300,26842625,504,-,-,-,-,-,-,-,-,-,-,-,-
2026-08-07,지사,경남,울산,35.9,-1,45.7,8,5,4,14,31,10837189,4952595,5884594,17244413,569,-,-,-,-,-,-,-,-,-,-,-,-
2026-08-07,지사,경남,진주.산청,33.4,-1.1,44.9,22,7,7,21,57,28711570,12891495,15820075,48246613,547,-,-,-,-,-,-,-,-,-,-,-,-
2026-08-07,지사,경남,의령,30.1,-0.7,41,2,4,3,10,19,11888032,4874093,7013939,20241250,578,-,-,-,-,-,-,-,-,-,-,-,-
2026-08-07,지사,경남,함안,29.8,-1.8,44.5,2,0,1,7,10,4032308,1794377,2237931,7526750,496,-,-,-,-,-,-,-,-,-,-,-,-
2026-08-07,지사,경남,창녕,36.5,2.8,51.8,5,1,5,9,20,8155707,4224656,3931051,14468000,453,-,-,-,-,-,-,-,-,-,-,-,-
2026-08-07,지사,경남,밀양,25.9,-1.5,34.8,3,3,0,23,29,12025712,4184948,7840764,20197625,647,-,-,-,-,-,-,-,-,-,-,-,-
2026-08-07,지사,경남,창원,27.5,-0.7,40.1,2,2,1,8,13,9911521,3974520,5937001,18066000,548,-,-,-,-,-,-,-,-,-,-,-,-
2026-08-07,지사,경남,사천,43.5,-1.5,57.4,11,7,2,6,26,15802853,9070838,6732015,26065625,430,-,-,-,-,-,-,-,-,-,-,-,-
2026-08-07,지사,경남,거창.함양,43.8,-1.8,68.4,8,6,8,3,25,22200196,15184934,7015262,43336000,270,-,-,-,-,-,-,-,-,-,-,-,-
2026-08-07,지사,경남,합천,36,-0.9,48.7,5,5,9,8,27,14453815,7039008,7414807,24441000,506,-,-,-,-,-,-,-,-,-,-,-,-
2026-08-07,지사,경남,하동.남해,32.8,-1,47.7,8,4,4,9,25,34702606,16553143,18149463,63083625,480,-,-,-,-,-,-,-,-,-,-,-,-
2026-08-07,본부,제주,-,51.7,0.2,88.8,8,0,0,2,10,0,0,0,0,0,-,-,-,-,-,-,-,-,-,-,-,-
2026-08-07,지사,제주,제주본부직할,51.7,0.2,88.8,8,0,0,2,10,2222285,1973389,248896,4771250,87,-,-,-,-,-,-,-,-,-,-,-,-
2026-08-08,전국,전국,-,49.1,-0.9,73.1,1189,212,185,285,1871,0,0,0,0,0,-,-,-,-,-,-,-,-,-,-,-,-
2026-08-08,본부,경기,-,64.1,-1.7,88.5,94,3,0,0,97,0,0,0,0,0,-,-,-,-,-,-,-,-,-,-,-,-
2026-08-08,지사,경기,여주.이천,66.7,-1.4,89.7,6,0,0,0,6,4671974,4190761,481213,7853750,102,-,-,-,-,-,-,-,-,-,-,-,-
2026-08-08,지사,경기,양평.광주.서울,65.2,-1,81.3,8,0,0,0,8,4699051,3820329,878722,7324250,200,-,-,-,-,-,-,-,-,-,-,-,-
2026-08-08,지사,경기,화성.수원,63.5,-1.2,82.6,20,0,0,0,20,15402748,12722670,2680078,25044625,178,-,-,-,-,-,-,-,-,-,-,-,-
2026-08-08,지사,경기,연천.포천.가평,75.1,-1.3,92.7,11,0,0,0,11,7984985,7402081,582904,12320375,79,-,-,-,-,-,-,-,-,-,-,-,-
2026-08-08,지사,경기,파주,70.8,-1.7,90.7,11,1,0,0,12,10906947,9892601,1014346,17465750,97,-,-,-,-,-,-,-,-,-,-,-,-
2026-08-08,지사,경기,강화.옹진,65.6,-2.9,91.2,16,1,0,0,17,21048896,19196594,1852302,36578875,84,-,-,-,-,-,-,-,-,-,-,-,-
2026-08-08,지사,경기,김포,67.9,-10.6,86.6,1,0,0,0,1,58021,50246,7775,92500,140,-,-,-,-,-,-,-,-,-,-,-,-
2026-08-08,지사,경기,평택,60,-2.3,86.4,5,0,0,0,5,23743056,20514000,3229056,42737500,126,-,-,-,-,-,-,-,-,-,-,-,-
2026-08-08,지사,경기,안성,61.6,-0.9,90.6,16,1,0,0,17,30643892,27763366,2880526,56338000,85,-,-,-,-,-,-,-,-,-,-,-,-
2026-08-08,본부,강원,-,73.5,0.1,96.6,71,5,1,0,77,0,0,0,0,0,-,-,-,-,-,-,-,-,-,-,-,-
2026-08-08,지사,강원,홍천.춘천,68.5,-1.2,87.2,27,2,0,0,29,23026998,20079542,2947456,36641500,134,-,-,-,-,-,-,-,-,-,-,-,-
2026-08-08,지사,강원,원주,65.5,-1.5,82,15,1,0,0,16,9595031,7867926,1727105,15015125,192,-,-,-,-,-,-,-,-,-,-,-,-
2026-08-08,지사,강원,강릉,73.1,2.2,104.7,13,1,0,0,14,19694131,20619756,0,35259500,0,-,-,-,-,-,-,-,-,-,-,-,-
2026-08-08,지사,강원,속초.고성.양양,74.9,3.8,102.2,9,0,0,0,9,12139077,12406136,0,20704500,0,-,-,-,-,-,-,-,-,-,-,-,-
2026-08-08,지사,강원,철원.화천,80,-1.8,101.3,7,1,1,0,9,27693583,28053600,0,43833750,0,-,-,-,-,-,-,-,-,-,-,-,-
2026-08-08,본부,충북,-,66.6,-1.4,93.7,132,4,1,1,138,0,0,0,0,0,-,-,-,-,-,-,-,-,-,-,-,-
2026-08-08,지사,충북,청주,70.6,-0.2,90.4,16,0,1,0,17,22734840,20552295,2182545,36388625,100,-,-,-,-,-,-,-,-,-,-,-,-
2026-08-08,지사,충북,보은,64.9,-1.8,111.8,13,1,0,0,14,20963362,23437038,0,45140675,0,-,-,-,-,-,-,-,-,-,-,-,-
2026-08-08,지사,충북,옥천.영동,61.5,-1.4,83.2,28,2,0,1,31,16147631,13434829,2712802,27306563,166,-,-,-,-,-,-,-,-,-,-,-,-
2026-08-08,지사,충북,진천,59.5,-1.6,94.8,9,0,0,0,9,22260626,21103073,1157553,44334188,44,-,-,-,-,-,-,-,-,-,-,-,-
2026-08-08,지사,충북,괴산.증평,64,-1.6,84.2,20,0,0,0,20,20227534,17031584,3195950,33264813,160,-,-,-,-,-,-,-,-,-,-,-,-
2026-08-08,지사,충북,음성,72.7,-1.4,93.9,21,1,0,0,22,24555939,23058026,1497913,39645850,63,-,-,-,-,-,-,-,-,-,-,-,-
2026-08-08,지사,충북,충주.제천.단양,73.6,-1.3,95.2,25,0,0,0,25,21079365,20067555,1011810,34082125,49,-,-,-,-,-,-,-,-,-,-,-,-
2026-08-08,본부,충남,-,58.2,-0.8,87.7,181,6,1,1,189,0,0,0,0,0,-,-,-,-,-,-,-,-,-,-,-,-
2026-08-08,지사,충남,천안,68.1,-1.8,89.5,19,0,0,0,19,8747236,7828776,918460,14370000,107,-,-,-,-,-,-,-,-,-,-,-,-
2026-08-08,지사,충남,공주,65.4,-1.6,99.9,12,0,0,0,12,13762968,13749206,13762,26279063,1,-,-,-,-,-,-,-,-,-,-,-,-
2026-08-08,지사,충남,보령,57,-2.2,82.4,19,0,0,0,19,20513083,16902780,3610303,37067500,162,-,-,-,-,-,-,-,-,-,-,-,-
2026-08-08,지사,충남,아산,65.7,-0.8,82.1,18,0,0,0,18,20636842,16942847,3693995,32235250,191,-,-,-,-,-,-,-,-,-,-,-,-
2026-08-08,지사,충남,서산.태안,55.3,-1.9,74,28,3,1,0,32,28754752,21278516,7476236,48097913,259,-,-,-,-,-,-,-,-,-,-,-,-
2026-08-08,지사,충남,논산,52,-0.6,80.7,10,0,0,0,10,24635113,19880536,4754577,47789750,166,-,-,-,-,-,-,-,-,-,-,-,-
2026-08-08,지사,충남,세종.대전.금산,79,11.7,107,12,0,0,0,12,11224719,12010449,0,19003875,0,-,-,-,-,-,-,-,-,-,-,-,-
2026-08-08,지사,충남,부여,66.2,-1.3,90.9,10,0,0,0,10,11832613,10755845,1076768,20309375,88,-,-,-,-,-,-,-,-,-,-,-,-
2026-08-08,지사,충남,서천,52.3,-2.2,82.8,8,0,0,0,8,19617806,16243543,3374263,38823000,145,-,-,-,-,-,-,-,-,-,-,-,-
2026-08-08,지사,충남,청양,73.1,-1.7,105.5,17,0,0,1,18,17074705,18013814,0,30803375,0,-,-,-,-,-,-,-,-,-,-,-,-
2026-08-08,지사,충남,홍성,58.8,-2.3,83.9,9,1,0,0,10,7531937,6319295,1212642,13433875,150,-,-,-,-,-,-,-,-,-,-,-,-
2026-08-08,지사,충남,예산,51.4,-1,92.1,13,0,0,0,13,58948656,54291713,4656943,132032375,59,-,-,-,-,-,-,-,-,-,-,-,-
2026-08-08,지사,충남,당진,56.6,0.4,70.3,6,2,0,0,8,4394752,3089511,1305241,6823125,319,-,-,-,-,-,-,-,-,-,-,-,-
2026-08-08,본부,전북,-,41.9,-1.4,65.5,124,37,23,19,203,0,0,0,0,0,-,-,-,-,-,-,-,-,-,-,-,-
2026-08-08,지사,전북,남원,42.3,-1.5,63.4,10,5,0,4,19,31485411,19961751,11523660,58988625,326,-,-,-,-,-,-,-,-,-,-,-,-
2026-08-08,지사,전북,순창,39.2,-9.4,65.4,14,7,4,4,29,13001933,8503264,4498669,27115000,277,-,-,-,-,-,-,-,-,-,-,-,-
2026-08-08,지사,전북,동진,51.3,-0.6,73,5,2,0,0,7,15753246,11499870,4253376,28021125,253,-,-,-,-,-,-,-,-,-,-,-,-
2026-08-08,지사,전북,부안,47.4,1,69.6,7,3,1,0,11,20090790,13983190,6107600,36875500,276,-,-,-,-,-,-,-,-,-,-,-,-
2026-08-08,지사,전북,군산,52,-0.3,77.6,9,1,0,0,10,15802371,12262640,3539731,29477500,200,-,-,-,-,-,-,-,-,-,-,-,-
2026-08-08,지사,전북,익산,49.1,-1.9,73.1,9,0,0,0,9,4139983,3026328,1113655,7704500,241,-,-,-,-,-,-,-,-,-,-,-,-
2026-08-08,지사,전북,전주.완주.임실,39.8,-1.4,63.8,21,7,4,5,37,81053636,51712220,29341416,162412750,301,-,-,-,-,-,-,-,-,-,-,-,-
2026-08-08,지사,전북,고창,38.6,-1.1,57,14,6,5,4,29,20775204,11841866,8933338,38348013,388,-,-,-,-,-,-,-,-,-,-,-,-
2026-08-08,지사,전북,정읍,34.7,-1.2,58.4,5,2,6,0,13,21961357,12825432,9135925,46201125,330,-,-,-,-,-,-,-,-,-,-,-,-
2026-08-08,지사,전북,무진장,42.4,-0.9,68.8,30,4,3,2,39,35049165,24113826,10935339,71090288,256,-,-,-,-,-,-,-,-,-,-,-,-
2026-08-08,본부,전남,-,42.8,-0.8,67,294,78,66,68,506,0,0,0,0,0,-,-,-,-,-,-,-,-,-,-,-,-
2026-08-08,지사,전남,광주,34.8,-1.2,55.3,8,1,1,3,13,3071525,1698553,1372972,6101125,375,-,-,-,-,-,-,-,-,-,-,-,-
2026-08-08,지사,전남,순천.광양.여수,48.2,-1.7,60.5,19,6,3,0,28,14990359,9069167,5921192,23519625,420,-,-,-,-,-,-,-,-,-,-,-,-
2026-08-08,지사,전남,나주,51.4,-0.4,90.5,31,3,4,3,41,68432938,61931809,6501129,150612375,72,-,-,-,-,-,-,-,-,-,-,-,-
2026-08-08,지사,전남,담양,46.4,-1,74,9,2,2,2,15,61320597,45377242,15943355,122244725,217,-,-,-,-,-,-,-,-,-,-,-,-
2026-08-08,지사,전남,곡성,31.5,-0.9,53.5,8,4,4,11,27,10328267,5525623,4802644,21927075,365,-,-,-,-,-,-,-,-,-,-,-,-
2026-08-08,지사,전남,구례,42.3,-1.5,55.7,4,3,4,5,16,11071361,6166748,4904613,18223250,449,-,-,-,-,-,-,-,-,-,-,-,-
2026-08-08,지사,전남,고흥,38.3,-1.6,53.8,13,7,11,6,37,16904894,9094833,7810061,29682875,439,-,-,-,-,-,-,-,-,-,-,-,-
2026-08-08,지사,전남,보성,48.9,-1.3,61.7,12,5,4,3,24,18985683,11714166,7271517,29944188,405,-,-,-,-,-,-,-,-,-,-,-,-
2026-08-08,지사,전남,화순,34.2,-1.1,53.2,8,3,4,8,23,19577571,10415268,9162303,38067500,401,-,-,-,-,-,-,-,-,-,-,-,-
2026-08-08,지사,전남,장흥,43.8,-1.3,63.4,12,6,2,5,25,15649104,9921532,5727572,28314875,337,-,-,-,-,-,-,-,-,-,-,-,-
2026-08-08,지사,전남,강진,49.4,-1.1,73.5,15,5,2,1,23,20879263,15346258,5533005,38831625,237,-,-,-,-,-,-,-,-,-,-,-,-
2026-08-08,지사,전남,해남.완도,44.7,-1.4,65.6,34,8,9,7,58,26635204,17472694,9162510,48861000,313,-,-,-,-,-,-,-,-,-,-,-,-
2026-08-08,지사,전남,영암,44.5,-1.5,71.4,24,5,3,4,36,11255247,8036246,3219001,22573725,238,-,-,-,-,-,-,-,-,-,-,-,-
2026-08-08,지사,전남,목포.무안.신안,44.5,-0.9,67,39,6,3,2,50,10823683,7251867,3571816,20370414,292,-,-,-,-,-,-,-,-,-,-,-,-
2026-08-08,지사,전남,함평,43.2,0,69.5,12,4,2,1,19,9916482,6891955,3024527,19942000,253,-,-,-,-,-,-,-,-,-,-,-,-
2026-08-08,지사,전남,영광,34.1,0.5,54.1,14,4,2,4,24,18029887,9754169,8275718,35755750,386,-,-,-,-,-,-,-,-,-,-,-,-
2026-08-08,지사,전남,장성,33.4,-0.1,54.6,20,3,3,0,26,75177650,41046997,34130653,153619000,370,-,-,-,-,-,-,-,-,-,-,-,-
2026-08-08,지사,전남,진도,45.6,-1.8,67.6,12,3,3,3,21,8892405,6011266,2881139,16478250,291,-,-,-,-,-,-,-,-,-,-,-,-
2026-08-08,본부,경북,-,45.5,-0.5,67.8,196,34,38,65,333,0,0,0,0,0,-,-,-,-,-,-,-,-,-,-,-,-
2026-08-08,지사,경북,포항.울릉,32,-0.3,47.6,12,5,9,6,32,27512067,13095744,14416323,51155250,470,-,-,-,-,-,-,-,-,-,-,-,-
2026-08-08,지사,경북,경주,24.8,-0.2,36.8,12,5,8,22,47,31407515,11557966,19849549,58255875,568,-,-,-,-,-,-,-,-,-,-,-,-
2026-08-08,지사,경북,안동,50.2,-0.7,80.7,10,0,2,0,12,5618419,4534064,1084355,11290000,160,-,-,-,-,-,-,-,-,-,-,-,-
2026-08-08,지사,경북,구미.김천,58.9,-1,78.4,13,1,0,0,14,14782961,11589841,3193120,24596438,216,-,-,-,-,-,-,-,-,-,-,-,-
2026-08-08,지사,경북,영주.봉화,71.8,-0.8,108.1,11,0,0,0,11,18010236,19469065,0,33894613,0,-,-,-,-,-,-,-,-,-,-,-,-
2026-08-08,지사,경북,영천,44.5,-0.6,62.1,14,5,2,11,32,15064576,9355102,5709474,26278375,362,-,-,-,-,-,-,-,-,-,-,-,-
2026-08-08,지사,경북,상주,53.3,-1.6,78.7,17,2,0,0,19,20388842,16046018,4342824,37631375,192,-,-,-,-,-,-,-,-,-,-,-,-
2026-08-08,지사,경북,문경,58.8,-2.3,81,6,0,0,0,6,25604206,20739407,4864799,44088875,184,-,-,-,-,-,-,-,-,-,-,-,-
2026-08-08,지사,경북,경산.청도,41.5,-0.7,59.5,20,4,4,5,33,24772187,14739451,10032736,44395938,377,-,-,-,-,-,-,-,-,-,-,-,-
2026-08-08,지사,경북,의성.군위,40.8,-0.6,73.2,21,0,3,6,30,17151612,12554980,4596632,38465013,199,-,-,-,-,-,-,-,-,-,-,-,-
2026-08-08,지사,경북,청송.영양,44.6,3.9,73,9,3,4,3,19,12556183,9166014,3390169,25689500,220,-,-,-,-,-,-,-,-,-,-,-,-
2026-08-08,지사,경북,영덕.울진,49,2.4,78.1,20,4,1,3,28,16567647,12939332,3628315,33008500,183,-,-,-,-,-,-,-,-,-,-,-,-
2026-08-08,지사,경북,고령,39.6,-1.6,70,1,0,1,5,7,4510440,3157308,1353132,9966250,226,-,-,-,-,-,-,-,-,-,-,-,-
2026-08-08,지사,경북,성주,42,-1.3,64.9,5,1,0,0,6,23532878,15272838,8260040,45454875,303,-,-,-,-,-,-,-,-,-,-,-,-
2026-08-08,지사,경북,칠곡,41,-1.3,50.6,8,3,3,3,17,8229381,4164067,4065314,12695325,534,-,-,-,-,-,-,-,-,-,-,-,-
2026-08-08,지사,경북,예천,69.9,-0.9,102.8,9,1,0,0,10,5762527,5923878,0,10593488,0,-,-,-,-,-,-,-,-,-,-,-,-
2026-08-08,지사,경북,달성,47.7,-1.4,67.2,8,0,1,1,10,15145176,10177558,4967618,26670750,310,-,-,-,-,-,-,-,-,-,-,-,-
2026-08-08,본부,경남,-,34.6,-1.1,48.4,88,45,55,130,318,0,0,0,0,0,-,-,-,-,-,-,-,-,-,-,-,-
2026-08-08,지사,경남,김해.양산.부산,29.8,-0.4,47.1,1,0,3,1,5,2007482,945524,1061958,3966125,446,-,-,-,-,-,-,-,-,-,-,-,-
2026-08-08,지사,경남,고성.통영.거제,41.2,-0.9,52.1,11,3,7,10,31,16981438,8847329,8134109,26842625,505,-,-,-,-,-,-,-,-,-,-,-,-
2026-08-08,지사,경남,울산,35.4,-0.9,45.2,9,5,2,15,31,10804464,4883618,5920846,17244413,572,-,-,-,-,-,-,-,-,-,-,-,-
2026-08-08,지사,경남,진주.산청,32.8,-1,44.4,23,5,8,21,57,28513313,12659911,15853402,48246613,548,-,-,-,-,-,-,-,-,-,-,-,-
2026-08-08,지사,경남,의령,29.3,-1,40,2,3,4,10,19,11861373,4744549,7116824,20241250,586,-,-,-,-,-,-,-,-,-,-,-,-
2026-08-08,지사,경남,함안,28.2,-1.8,42.2,2,0,1,7,10,4023779,1698035,2325744,7526750,515,-,-,-,-,-,-,-,-,-,-,-,-
2026-08-08,지사,경남,창녕,31.3,-2.5,44.1,5,1,5,9,20,8214937,3622787,4592150,14468000,529,-,-,-,-,-,-,-,-,-,-,-,-
2026-08-08,지사,경남,밀양,25.7,-0.7,34.6,3,3,1,22,29,12001826,4152632,7849194,20197625,648,-,-,-,-,-,-,-,-,-,-,-,-
2026-08-08,지사,경남,창원,27.1,-0.2,40,3,0,2,8,13,9791772,3916709,5875063,18066000,542,-,-,-,-,-,-,-,-,-,-,-,-
2026-08-08,지사,경남,사천,42.6,-1.3,56.6,11,8,1,6,26,15694638,8883165,6811473,26065625,436,-,-,-,-,-,-,-,-,-,-,-,-
2026-08-08,지사,경남,거창.함양,42.7,-1.6,66.7,6,7,9,3,25,22194269,14803578,7390691,43336000,284,-,-,-,-,-,-,-,-,-,-,-,-
2026-08-08,지사,경남,합천,35.7,-0.7,48.6,4,6,9,8,27,14362859,6980350,7382509,24441000,503,-,-,-,-,-,-,-,-,-,-,-,-
2026-08-08,지사,경남,하동.남해,32.3,-0.8,47.2,8,4,3,10,25,34535612,16300809,18234803,63083625,482,-,-,-,-,-,-,-,-,-,-,-,-
2026-08-08,본부,제주,-,52,0.5,89.5,9,0,0,1,10,0,0,0,0,0,-,-,-,-,-,-,-,-,-,-,-,-
2026-08-08,지사,제주,제주본부직할,52,0.5,89.5,9,0,0,1,10,2217698,1984840,232858,4771250,81,-,-,-,-,-,-,-,-,-,-,-,-
2026-08-09,전국,전국,-,48.8,-0.5,72.9,1184,208,188,291,1871,0,0,0,0,0,-,-,-,-,-,-,-,-,-,-,-,-
2026-08-09,본부,경기,-,63.2,-1.4,87.7,95,2,0,0,97,0,0,0,0,0,-,-,-,-,-,-,-,-,-,-,-,-
2026-08-09,지사,경기,여주.이천,65.7,-1.5,88.7,6,0,0,0,6,4653812,4127931,525881,7853750,112,-,-,-,-,-,-,-,-,-,-,-,-
2026-08-09,지사,경기,양평.광주.서울,64.3,-1.2,80.5,7,1,0,0,8,4680241,3767594,912647,7324250,208,-,-,-,-,-,-,-,-,-,-,-,-
2026-08-09,지사,경기,화성.수원,62.5,-1.5,81.7,20,0,0,0,20,15327188,12522313,2804875,25044625,187,-,-,-,-,-,-,-,-,-,-,-,-
2026-08-09,지사,경기,연천.포천.가평,74.3,-1.2,91.9,11,0,0,0,11,7968695,7323231,645464,12320375,87,-,-,-,-,-,-,-,-,-,-,-,-
2026-08-09,지사,경기,파주,69.7,-1.7,89.5,11,1,0,0,12,10881455,9738902,1142553,17465750,109,-,-,-,-,-,-,-,-,-,-,-,-
2026-08-09,지사,경기,강화.옹진,64.8,-1.3,90.6,17,0,0,0,17,20929899,18962489,1967410,36578875,90,-,-,-,-,-,-,-,-,-,-,-,-
2026-08-09,지사,경기,김포,66.1,-5.2,84.7,1,0,0,0,1,57750,48914,8836,92500,159,-,-,-,-,-,-,-,-,-,-,-,-
2026-08-09,지사,경기,평택,58.8,-2,85.5,5,0,0,0,5,23513123,20103720,3409403,42737500,133,-,-,-,-,-,-,-,-,-,-,-,-
2026-08-09,지사,경기,안성,61,-0.9,90,17,0,0,0,17,30547716,27492944,3054772,56338000,90,-,-,-,-,-,-,-,-,-,-,-,-
2026-08-09,본부,강원,-,73.3,0.2,96.5,73,3,1,0,77,0,0,0,0,0,-,-,-,-,-,-,-,-,-,-,-,-
2026-08-09,지사,강원,홍천.춘천,67.7,-1.3,86.3,27,1,1,0,29,22995407,19845036,3150371,36641500,143,-,-,-,-,-,-,-,-,-,-,-,-
2026-08-09,지사,강원,원주,64.5,-1.6,81,16,0,0,0,16,9565191,7747805,1817386,15015125,202,-,-,-,-,-,-,-,-,-,-,-,-
2026-08-09,지사,강원,강릉,75.1,3.7,107.7,14,0,0,0,14,19669366,21183908,0,35259500,0,-,-,-,-,-,-,-,-,-,-,-,-
2026-08-09,지사,강원,속초.고성.양양,75.1,2.4,102.4,9,0,0,0,9,12147718,12439264,0,20704500,0,-,-,-,-,-,-,-,-,-,-,-,-
2026-08-09,지사,강원,철원.화천,78.7,-1.9,100,7,2,0,0,9,27597729,27597729,0,43833750,0,-,-,-,-,-,-,-,-,-,-,-,-
2026-08-09,본부,충북,-,65.8,-1.1,93,128,8,1,1,138,0,0,0,0,0,-,-,-,-,-,-,-,-,-,-,-,-
2026-08-09,지사,충북,청주,70.4,0,90.4,16,0,1,0,17,22670435,20494074,2176361,36388625,100,-,-,-,-,-,-,-,-,-,-,-,-
2026-08-09,지사,충북,보은,63.7,-1.7,111.3,12,2,0,0,14,20668183,23003688,0,45140675,0,-,-,-,-,-,-,-,-,-,-,-,-
2026-08-09,지사,충북,옥천.영동,60.6,-1.3,82.2,26,4,0,1,31,16104892,13238222,2866670,27306563,175,-,-,-,-,-,-,-,-,-,-,-,-
2026-08-09,지사,충북,진천,58.7,-1.2,94.1,9,0,0,0,9,22124691,20819334,1305357,44334188,49,-,-,-,-,-,-,-,-,-,-,-,-
2026-08-09,지사,충북,괴산.증평,62.8,-1.5,83,19,1,0,0,20,20135231,16712242,3422989,33264813,172,-,-,-,-,-,-,-,-,-,-,-,-
2026-08-09,지사,충북,음성,71.7,-1.2,92.9,21,1,0,0,22,24478859,22740860,1737999,39645850,73,-,-,-,-,-,-,-,-,-,-,-,-
2026-08-09,지사,충북,충주.제천.단양,72.8,-1,94.5,25,0,0,0,25,21004687,19849430,1155257,34082125,56,-,-,-,-,-,-,-,-,-,-,-,-
2026-08-09,본부,충남,-,57.4,-0.7,87.1,177,10,1,1,189,0,0,0,0,0,-,-,-,-,-,-,-,-,-,-,-,-
2026-08-09,지사,충남,천안,67.3,-1.2,88.8,19,0,0,0,19,8712622,7736808,975814,14370000,113,-,-,-,-,-,-,-,-,-,-,-,-
2026-08-09,지사,충남,공주,64.6,-1.2,99,12,0,0,0,12,13718202,13581019,137183,26279063,9,-,-,-,-,-,-,-,-,-,-,-,-
2026-08-09,지사,충남,보령,55.5,-2.2,80.7,16,3,0,0,19,20394015,16457970,3936045,37067500,177,-,-,-,-,-,-,-,-,-,-,-,-
2026-08-09,지사,충남,아산,64.7,-1.2,81.4,18,0,0,0,18,20497500,16684965,3812535,32235250,197,-,-,-,-,-,-,-,-,-,-,-,-
2026-08-09,지사,충남,서산.태안,54,-1.9,72.5,28,3,1,0,32,28659722,20778298,7881424,48097913,273,-,-,-,-,-,-,-,-,-,-,-,-
2026-08-09,지사,충남,논산,51.9,-0.1,81.2,10,0,0,0,10,24436335,19842304,4594031,47789750,160,-,-,-,-,-,-,-,-,-,-,-,-
2026-08-09,지사,충남,세종.대전.금산,78.5,7.4,106.7,12,0,0,0,12,11185036,11934434,0,19003875,0,-,-,-,-,-,-,-,-,-,-,-,-
2026-08-09,지사,충남,부여,65.3,-1.2,90.2,10,0,0,0,10,11762325,10609618,1152707,20309375,95,-,-,-,-,-,-,-,-,-,-,-,-
2026-08-09,지사,충남,서천,51,-2.1,81,8,0,0,0,8,19555289,15839784,3715505,38823000,160,-,-,-,-,-,-,-,-,-,-,-,-
2026-08-09,지사,충남,청양,71.9,-1.7,104.4,17,0,0,1,18,16971361,17718101,0,30803375,0,-,-,-,-,-,-,-,-,-,-,-,-
2026-08-09,지사,충남,홍성,57.5,-1.9,82.9,8,2,0,0,10,7454261,6179582,1274679,13433875,158,-,-,-,-,-,-,-,-,-,-,-,-
2026-08-09,지사,충남,예산,51.2,-0.3,92.3,13,0,0,0,13,58592049,54080461,4511588,132032375,57,-,-,-,-,-,-,-,-,-,-,-,-
2026-08-09,지사,충남,당진,57.1,0.8,71.1,6,2,0,0,8,4383690,3116804,1266886,6823125,309,-,-,-,-,-,-,-,-,-,-,-,-
2026-08-09,본부,전북,-,41.8,-0.4,65.6,123,37,25,18,203,0,0,0,0,0,-,-,-,-,-,-,-,-,-,-,-,-
2026-08-09,지사,전북,남원,41.3,-1.4,61.9,10,5,0,4,19,31486012,19489842,11996170,58988625,339,-,-,-,-,-,-,-,-,-,-,-,-
2026-08-09,지사,전북,순창,46.2,3.4,77.3,14,7,5,3,29,12964688,10021704,2942984,27115000,181,-,-,-,-,-,-,-,-,-,-,-,-
2026-08-09,지사,전북,동진,51.2,0.1,73.5,5,2,0,0,7,15615582,11477453,4138129,28021125,246,-,-,-,-,-,-,-,-,-,-,-,-
2026-08-09,지사,전북,부안,48.2,1.7,71,7,3,1,0,11,20027032,14219193,5807839,36875500,262,-,-,-,-,-,-,-,-,-,-,-,-
2026-08-09,지사,전북,군산,52.3,0.1,78.6,9,1,0,0,10,15691331,12333386,3357945,29477500,190,-,-,-,-,-,-,-,-,-,-,-,-
2026-08-09,지사,전북,익산,48.6,-1,72.7,9,0,0,0,9,4120371,2995510,1124861,7704500,243,-,-,-,-,-,-,-,-,-,-,-,-
2026-08-09,지사,전북,전주.완주.임실,39,-1.2,62.8,20,8,4,5,37,80689137,50672778,30016359,162412750,308,-,-,-,-,-,-,-,-,-,-,-,-
2026-08-09,지사,전북,고창,38.5,-0.3,57,15,5,5,4,29,20721382,11811188,8910194,38348013,387,-,-,-,-,-,-,-,-,-,-,-,-
2026-08-09,지사,전북,정읍,34.3,-0.5,58,5,1,7,0,13,21857912,12677589,9180323,46201125,331,-,-,-,-,-,-,-,-,-,-,-,-
2026-08-09,지사,전북,무진장,41.8,-0.9,67.8,29,5,3,2,39,35062820,23772592,11290228,71090288,265,-,-,-,-,-,-,-,-,-,-,-,-
2026-08-09,본부,전남,-,42.7,-0.4,67,292,74,67,73,506,0,0,0,0,0,-,-,-,-,-,-,-,-,-,-,-,-
2026-08-09,지사,전남,광주,33.4,-2,53.3,8,1,0,4,13,3058575,1630221,1428354,6101125,390,-,-,-,-,-,-,-,-,-,-,-,-
2026-08-09,지사,전남,순천.광양.여수,47.4,-1.2,60,19,6,3,0,28,14864403,8918642,5945761,23519625,421,-,-,-,-,-,-,-,-,-,-,-,-
2026-08-09,지사,전남,나주,51.4,-0.2,90,29,5,4,3,41,68813121,61931809,6881312,150612375,76,-,-,-,-,-,-,-,-,-,-,-,-
2026-08-09,지사,전남,담양,45.8,-0.9,73.1,9,2,2,2,15,61272869,44790467,16482402,122244725,225,-,-,-,-,-,-,-,-,-,-,-,-
2026-08-09,지사,전남,곡성,30.7,-1,52.7,8,4,4,11,27,10218766,5385290,4833476,21927075,367,-,-,-,-,-,-,-,-,-,-,-,-
2026-08-09,지사,전남,구례,41.5,-1.3,55.1,4,3,4,5,16,10980252,6050119,4930133,18223250,451,-,-,-,-,-,-,-,-,-,-,-,-
2026-08-09,지사,전남,고흥,37.5,-1.3,53.1,13,7,9,8,37,16769986,8904863,7865123,29682875,442,-,-,-,-,-,-,-,-,-,-,-,-
2026-08-09,지사,전남,보성,48.3,-1,61.1,12,5,4,3,24,18936881,11570434,7366447,29944188,410,-,-,-,-,-,-,-,-,-,-,-,-
2026-08-09,지사,전남,화순,33.7,-0.9,52.7,8,3,4,8,23,19474380,10262998,9211382,38067500,403,-,-,-,-,-,-,-,-,-,-,-,-
2026-08-09,지사,전남,장흥,42.7,-1.3,62.6,12,5,3,5,25,15451056,9672361,5778695,28314875,340,-,-,-,-,-,-,-,-,-,-,-,-
2026-08-09,지사,전남,강진,54.3,4.6,81.5,15,4,3,1,23,20697494,16868458,3829036,38831625,164,-,-,-,-,-,-,-,-,-,-,-,-
2026-08-09,지사,전남,해남.완도,43.7,-1.4,64.8,34,8,8,8,58,26360811,17081806,9279005,48861000,317,-,-,-,-,-,-,-,-,-,-,-,-
2026-08-09,지사,전남,영암,43.6,-1.5,70.2,25,3,3,5,36,11216119,7873715,3342404,22573725,247,-,-,-,-,-,-,-,-,-,-,-,-
2026-08-09,지사,전남,목포.무안.신안,43.9,-0.9,66.5,39,4,5,2,50,10758029,7154089,3603940,20370414,295,-,-,-,-,-,-,-,-,-,-,-,-
2026-08-09,지사,전남,함평,42.9,-0.6,69.6,12,3,3,1,19,9833469,6844094,2989375,19942000,250,-,-,-,-,-,-,-,-,-,-,-,-
2026-08-09,지사,전남,영광,34.2,0.4,54.6,14,4,2,4,24,17917167,9782773,8134394,35755750,379,-,-,-,-,-,-,-,-,-,-,-,-
2026-08-09,지사,전남,장성,33.4,0,55,20,3,3,0,26,74630903,41046997,33583906,153619000,364,-,-,-,-,-,-,-,-,-,-,-,-
2026-08-09,지사,전남,진도,44.4,-1.8,66.4,11,4,3,3,21,8814871,5853074,2961797,16478250,300,-,-,-,-,-,-,-,-,-,-,-,-
2026-08-09,본부,경북,-,45.5,0.1,67.9,200,34,33,66,333,0,0,0,0,0,-,-,-,-,-,-,-,-,-,-,-,-
2026-08-09,지사,경북,포항.울릉,32.4,0.7,48.3,13,5,8,6,32,27452258,13259441,14192817,51155250,462,-,-,-,-,-,-,-,-,-,-,-,-
2026-08-09,지사,경북,경주,25,0.3,37.2,12,6,7,22,47,31320363,11651175,19669188,58255875,563,-,-,-,-,-,-,-,-,-,-,-,-
2026-08-09,지사,경북,안동,49.9,-0.5,80.3,9,1,2,0,12,5612663,4506968,1105695,11290000,163,-,-,-,-,-,-,-,-,-,-,-,-
2026-08-09,지사,경북,구미.김천,58.3,-0.8,77.5,14,0,0,0,14,14802295,11471778,3330517,24596438,226,-,-,-,-,-,-,-,-,-,-,-,-
2026-08-09,지사,경북,영주.봉화,71.5,-0.5,107.9,11,0,0,0,11,17968228,19387718,0,33894613,0,-,-,-,-,-,-,-,-,-,-,-,-
2026-08-09,지사,경북,영천,44.4,-0.2,61.9,14,5,2,11,32,15079287,9334079,5745208,26278375,364,-,-,-,-,-,-,-,-,-,-,-,-
2026-08-09,지사,경북,상주,52.7,-0.8,77.9,17,2,0,0,19,20366351,15865388,4500963,37631375,199,-,-,-,-,-,-,-,-,-,-,-,-
2026-08-09,지사,경북,문경,57.2,-2.3,79,6,0,0,0,6,25538062,20175069,5362993,44088875,203,-,-,-,-,-,-,-,-,-,-,-,-
2026-08-09,지사,경북,경산.청도,41.2,-0.6,59,20,3,5,5,33,24801527,14632901,10168626,44395938,382,-,-,-,-,-,-,-,-,-,-,-,-
2026-08-09,지사,경북,의성.군위,40.4,-0.5,72.5,21,0,2,7,30,17147437,12431892,4715545,38465013,204,-,-,-,-,-,-,-,-,-,-,-,-
2026-08-09,지사,경북,청송.영양,46.1,4.6,75.9,9,4,3,3,19,12482592,9474288,3008304,25689500,195,-,-,-,-,-,-,-,-,-,-,-,-
2026-08-09,지사,경북,영덕.울진,53.6,6.2,85.9,23,3,0,2,28,16477351,14154045,2323306,33008500,117,-,-,-,-,-,-,-,-,-,-,-,-
2026-08-09,지사,경북,고령,38.5,-1.7,68.4,1,0,0,6,7,4487727,3069605,1418122,9966250,237,-,-,-,-,-,-,-,-,-,-,-,-
2026-08-09,지사,경북,성주,41.2,-1.2,63.3,5,1,0,0,6,23668131,14981927,8686204,45454875,318,-,-,-,-,-,-,-,-,-,-,-,-
2026-08-09,지사,경북,칠곡,40.4,-1,49.7,8,3,3,3,17,8255793,4103129,4152664,12695325,545,-,-,-,-,-,-,-,-,-,-,-,-
2026-08-09,지사,경북,예천,69.9,-0.5,103.2,9,1,0,0,10,5740192,5923878,0,10593488,0,-,-,-,-,-,-,-,-,-,-,-,-
2026-08-09,지사,경북,달성,47.1,-1,66.2,8,0,1,1,10,15180572,10049539,5131033,26670750,321,-,-,-,-,-,-,-,-,-,-,-,-
2026-08-09,본부,경남,-,34.3,-0.7,48.3,88,40,60,130,318,0,0,0,0,0,-,-,-,-,-,-,-,-,-,-,-,-
2026-08-09,지사,경남,김해.양산.부산,30,0.1,47.5,1,0,3,1,5,2003937,951870,1052067,3966125,442,-,-,-,-,-,-,-,-,-,-,-,-
2026-08-09,지사,경남,고성.통영.거제,40.5,-1,51.6,11,3,7,10,31,16854672,8697011,8157661,26842625,507,-,-,-,-,-,-,-,-,-,-,-,-
2026-08-09,지사,경남,울산,35.1,-0.6,45,8,6,2,15,31,10760513,4842231,5918282,17244413,572,-,-,-,-,-,-,-,-,-,-,-,-
2026-08-09,지사,경남,진주.산청,32.2,-0.9,43.9,21,5,10,21,57,28310541,12428327,15882214,48246613,549,-,-,-,-,-,-,-,-,-,-,-,-
2026-08-09,지사,경남,의령,28.8,-0.8,40.2,3,1,5,10,19,11600955,4663584,6937371,20241250,571,-,-,-,-,-,-,-,-,-,-,-,-
2026-08-09,지사,경남,함안,27,-1.6,40.6,2,0,1,7,10,4004379,1625778,2378601,7526750,527,-,-,-,-,-,-,-,-,-,-,-,-
2026-08-09,지사,경남,창녕,36.2,2.3,50.8,5,1,5,9,20,8247899,4189933,4057966,14468000,467,-,-,-,-,-,-,-,-,-,-,-,-
2026-08-09,지사,경남,밀양,25.7,0,34.7,5,1,1,22,29,11967238,4152632,7814606,20197625,645,-,-,-,-,-,-,-,-,-,-,-,-
2026-08-09,지사,경남,창원,27.7,0.7,40.9,3,0,2,8,13,9788327,4003426,5784901,18066000,534,-,-,-,-,-,-,-,-,-,-,-,-
2026-08-09,지사,경남,사천,41.8,-1.3,55.9,10,7,3,6,26,15592746,8716345,6876401,26065625,440,-,-,-,-,-,-,-,-,-,-,-,-
2026-08-09,지사,경남,거창.함양,41.8,-1.5,65.5,7,5,10,3,25,22124517,14491558,7632959,43336000,294,-,-,-,-,-,-,-,-,-,-,-,-
2026-08-09,지사,경남,합천,35.3,-0.6,48.7,4,6,9,8,27,14172769,6902138,7270631,24441000,496,-,-,-,-,-,-,-,-,-,-,-,-
2026-08-09,지사,경남,하동.남해,31.8,-0.7,46.6,8,5,2,10,25,34438786,16048474,18390312,63083625,486,-,-,-,-,-,-,-,-,-,-,-,-
2026-08-09,본부,제주,-,52.1,0.7,89.6,8,0,0,2,10,0,0,0,0,0,-,-,-,-,-,-,-,-,-,-,-,-
2026-08-09,지사,제주,제주본부직할,52.1,0.7,89.6,8,0,0,2,10,2219483,1988657,230826,4771250,81,-,-,-,-,-,-,-,-,-,-,-,-
2026-08-10,전국,전국,-,48,-0.9,71.6,1139,216,205,311,1871,0,0,0,0,0,-,-,-,-,-,-,-,-,-,-,-,-
2026-08-10,본부,경기,-,62.3,-1.4,86.6,95,1,1,0,97,0,0,0,0,0,-,-,-,-,-,-,-,-,-,-,-,-
2026-08-10,지사,경기,여주.이천,64.6,-1.6,87.5,6,0,0,0,6,4638649,4058818,579831,7853750,123,-,-,-,-,-,-,-,-,-,-,-,-
2026-08-10,지사,경기,양평.광주.서울,63.5,-1.2,79.7,7,1,0,0,8,4668405,3720719,947686,7324250,216,-,-,-,-,-,-,-,-,-,-,-,-
2026-08-10,지사,경기,화성.수원,61.6,-1.3,80.7,20,0,0,0,20,15293669,12341991,2951678,25044625,196,-,-,-,-,-,-,-,-,-,-,-,-
2026-08-10,지사,경기,연천.포천.가평,73.4,-1.2,90.9,11,0,0,0,11,7958772,7234524,724248,12320375,98,-,-,-,-,-,-,-,-,-,-,-,-
2026-08-10,지사,경기,파주,68.6,-1.6,88,11,0,1,0,12,10892277,9585204,1307073,17465750,125,-,-,-,-,-,-,-,-,-,-,-,-
2026-08-10,지사,경기,강화.옹진,64,-1.2,89.6,17,0,0,0,17,20902214,18728384,2173830,36578875,99,-,-,-,-,-,-,-,-,-,-,-,-
2026-08-10,지사,경기,김포,66,-0.3,84.8,1,0,0,0,1,57594,48840,8754,92500,158,-,-,-,-,-,-,-,-,-,-,-,-
2026-08-10,지사,경기,평택,57.4,-2,84,5,0,0,0,5,23363167,19625060,3738107,42737500,146,-,-,-,-,-,-,-,-,-,-,-,-
2026-08-10,지사,경기,안성,60.3,-1,89,17,0,0,0,17,30536462,27177451,3359011,56338000,99,-,-,-,-,-,-,-,-,-,-,-,-
2026-08-10,본부,강원,-,73.6,0.5,96.7,72,4,1,0,77,0,0,0,0,0,-,-,-,-,-,-,-,-,-,-,-,-
2026-08-10,지사,강원,홍천.춘천,67.6,0.7,86.3,27,1,1,0,29,22961441,19815723,3145718,36641500,143,-,-,-,-,-,-,-,-,-,-,-,-
2026-08-10,지사,강원,원주,63.3,-1.7,79.8,16,0,0,0,16,9528395,7603659,1924736,15015125,214,-,-,-,-,-,-,-,-,-,-,-,-
2026-08-10,지사,강원,강릉,78.9,5.1,111.7,13,1,0,0,14,19924616,22255796,0,35259500,0,-,-,-,-,-,-,-,-,-,-,-,-
2026-08-10,지사,강원,속초.고성.양양,74.7,-0.4,101,9,0,0,0,9,12250504,12373009,0,20704500,0,-,-,-,-,-,-,-,-,-,-,-,-
2026-08-10,지사,강원,철원.화천,77.3,-2,98.5,7,2,0,0,9,27519585,27106791,412794,43833750,16,-,-,-,-,-,-,-,-,-,-,-,-
2026-08-10,본부,충북,-,64.8,-1.4,91.9,128,8,1,1,138,0,0,0,0,0,-,-,-,-,-,-,-,-,-,-,-,-
2026-08-10,지사,충북,청주,70,-0.4,89.9,16,0,1,0,17,22666997,20377630,2289367,36388625,105,-,-,-,-,-,-,-,-,-,-,-,-
2026-08-10,지사,충북,보은,62.5,-1.7,110.3,12,2,0,0,14,20462681,22570338,0,45140675,0,-,-,-,-,-,-,-,-,-,-,-,-
2026-08-10,지사,충북,옥천.영동,59.8,-1.3,81,26,4,0,1,31,16127728,13063460,3064268,27306563,187,-,-,-,-,-,-,-,-,-,-,-,-
2026-08-10,지사,충북,진천,57.8,-1.3,92.8,9,0,0,0,9,22090655,20500128,1590527,44334188,60,-,-,-,-,-,-,-,-,-,-,-,-
2026-08-10,지사,충북,괴산.증평,61.5,-2.1,81.3,19,1,0,0,20,20130735,16366288,3764447,33264813,189,-,-,-,-,-,-,-,-,-,-,-,-
2026-08-10,지사,충북,음성,70.6,-1.6,91.9,21,1,0,0,22,24365589,22391976,1973613,39645850,83,-,-,-,-,-,-,-,-,-,-,-,-
2026-08-10,지사,충북,충주.제천.단양,71.8,-1.4,93.6,25,0,0,0,25,20915355,19576773,1338582,34082125,65,-,-,-,-,-,-,-,-,-,-,-,-
2026-08-10,본부,충남,-,55.8,-2,85,174,12,2,1,189,0,0,0,0,0,-,-,-,-,-,-,-,-,-,-,-,-
2026-08-10,지사,충남,천안,66,-1.7,86.5,19,0,0,0,19,8771514,7587360,1184154,14370000,137,-,-,-,-,-,-,-,-,-,-,-,-
2026-08-10,지사,충남,공주,63.5,-1.4,96.7,12,0,0,0,12,13805340,13349764,455576,26279063,29,-,-,-,-,-,-,-,-,-,-,-,-
2026-08-10,지사,충남,보령,53.9,-2.3,78.3,16,3,0,0,19,20413162,15983506,4429656,37067500,199,-,-,-,-,-,-,-,-,-,-,-,-
2026-08-10,지사,충남,아산,63.2,-2.3,78.9,18,0,0,0,18,20656708,16298142,4358566,32235250,225,-,-,-,-,-,-,-,-,-,-,-,-
2026-08-10,지사,충남,서산.태안,52.7,-2,70.9,27,3,2,0,32,28600959,20278080,8322879,48097913,288,-,-,-,-,-,-,-,-,-,-,-,-
2026-08-10,지사,충남,논산,50.2,-1.7,79.2,9,1,0,0,10,24232782,19192364,5040418,47789750,176,-,-,-,-,-,-,-,-,-,-,-,-
2026-08-10,지사,충남,세종.대전.금산,78.2,-0.6,106.4,12,0,0,0,12,11173707,11888824,0,19003875,0,-,-,-,-,-,-,-,-,-,-,-,-
2026-08-10,지사,충남,부여,63.9,-1.8,87.9,10,0,0,0,10,11811323,10382153,1429170,20309375,117,-,-,-,-,-,-,-,-,-,-,-,-
2026-08-10,지사,충남,서천,49.7,-1.8,79.3,8,0,0,0,8,19465353,15436025,4029328,38823000,173,-,-,-,-,-,-,-,-,-,-,-,-
2026-08-10,지사,충남,청양,70.6,-1.9,102.7,17,0,0,1,18,16940357,17397746,0,30803375,0,-,-,-,-,-,-,-,-,-,-,-,-
2026-08-10,지사,충남,홍성,56.4,-1.7,81.5,9,1,0,0,10,7437257,6061364,1375893,13433875,171,-,-,-,-,-,-,-,-,-,-,-,-
2026-08-10,지사,충남,예산,48.9,-2.5,89.8,11,2,0,0,13,57517890,51651065,5866825,132032375,74,-,-,-,-,-,-,-,-,-,-,-,-
2026-08-10,지사,충남,당진,57.2,0.2,71.3,6,2,0,0,8,4379049,3122262,1256787,6823125,307,-,-,-,-,-,-,-,-,-,-,-,-
2026-08-10,본부,전북,-,41,-1.1,64.2,113,42,28,20,203,0,0,0,0,0,-,-,-,-,-,-,-,-,-,-,-,-
2026-08-10,지사,전북,남원,40.6,-1.1,60.7,9,4,2,4,19,31564259,19159505,12404754,58988625,350,-,-,-,-,-,-,-,-,-,-,-,-
2026-08-10,지사,전북,순창,45.5,-1.5,76.3,12,10,4,3,29,12935596,9869860,3065736,27115000,188,-,-,-,-,-,-,-,-,-,-,-,-
2026-08-10,지사,전북,동진,49.8,-1.5,71.7,5,1,1,0,7,15569897,11163616,4406281,28021125,262,-,-,-,-,-,-,-,-,-,-,-,-
2026-08-10,지사,전북,부안,46.7,-1,69,7,2,1,1,11,19966213,13776687,6189526,36875500,280,-,-,-,-,-,-,-,-,-,-,-,-
2026-08-10,지사,전북,군산,51,-1.3,76.9,8,2,0,0,10,15639558,12026820,3612738,29477500,204,-,-,-,-,-,-,-,-,-,-,-,-
2026-08-10,지사,전북,익산,48,-0.9,71.3,8,1,0,0,9,4149408,2958528,1190880,7704500,258,-,-,-,-,-,-,-,-,-,-,-,-
2026-08-10,지사,전북,전주.완주.임실,38.2,-1.2,61.6,20,7,4,6,37,80573598,49633336,30940262,162412750,318,-,-,-,-,-,-,-,-,-,-,-,-
2026-08-10,지사,전북,고창,37.8,-0.8,56.2,13,7,5,4,29,20634233,11596439,9037794,38348013,393,-,-,-,-,-,-,-,-,-,-,-,-
2026-08-10,지사,전북,정읍,33.4,-1,56.2,4,1,8,0,13,21966086,12344941,9621145,46201125,347,-,-,-,-,-,-,-,-,-,-,-,-
2026-08-10,지사,전북,무진장,41.2,-0.9,66.4,27,7,3,2,39,35288191,23431359,11856832,71090288,278,-,-,-,-,-,-,-,-,-,-,-,-
2026-08-10,본부,전남,-,41.9,-0.7,66.1,275,73,71,87,506,0,0,0,0,0,-,-,-,-,-,-,-,-,-,-,-,-
2026-08-10,지사,전남,광주,32,-2.1,51.3,8,0,1,4,13,3044616,1561888,1482728,6101125,405,-,-,-,-,-,-,-,-,-,-,-,-
2026-08-10,지사,전남,순천.광양.여수,46.4,-1.4,58.9,18,7,3,0,28,14822555,8730485,6092070,23519625,432,-,-,-,-,-,-,-,-,-,-,-,-
2026-08-10,지사,전남,나주,51.2,-0.3,89.6,28,5,4,4,41,68851371,61690829,7160542,150612375,79,-,-,-,-,-,-,-,-,-,-,-,-
2026-08-10,지사,전남,담양,45.4,-0.7,72.7,10,0,3,2,15,61071918,44399284,16672634,122244725,227,-,-,-,-,-,-,-,-,-,-,-,-
2026-08-10,지사,전남,곡성,30.3,-0.8,52.8,7,4,4,12,27,10066521,5315123,4751398,21927075,361,-,-,-,-,-,-,-,-,-,-,-,-
2026-08-10,지사,전남,구례,40.7,-1.2,54.2,4,3,2,7,16,10947399,5933490,5013909,18223250,459,-,-,-,-,-,-,-,-,-,-,-,-
2026-08-10,지사,전남,고흥,36.4,-1.5,52,10,9,7,11,37,16622410,8643653,7978757,29682875,448,-,-,-,-,-,-,-,-,-,-,-,-
2026-08-10,지사,전남,보성,47.5,-1.1,60.2,11,5,5,3,24,18901647,11378791,7522856,29944188,419,-,-,-,-,-,-,-,-,-,-,-,-
2026-08-10,지사,전남,화순,33,-1,51.7,7,3,5,8,23,19438723,10049820,9388903,38067500,411,-,-,-,-,-,-,-,-,-,-,-,-
2026-08-10,지사,전남,장흥,41.9,-1.1,61.8,11,6,3,5,25,15357842,9491146,5866696,28314875,345,-,-,-,-,-,-,-,-,-,-,-,-
2026-08-10,지사,전남,강진,48,-1.1,72.1,15,4,2,2,23,20681476,14911344,5770132,38831625,248,-,-,-,-,-,-,-,-,-,-,-,-
2026-08-10,지사,전남,해남.완도,42.8,-1.3,63.6,29,9,11,9,58,26305042,16730006,9575036,48861000,327,-,-,-,-,-,-,-,-,-,-,-,-
2026-08-10,지사,전남,영암,42.7,-1.3,68.7,25,2,4,5,36,11224432,7711184,3513248,22573725,259,-,-,-,-,-,-,-,-,-,-,-,-
2026-08-10,지사,전남,목포.무안.신안,43.1,-1.2,65.5,35,4,6,5,50,10723235,7023719,3699516,20370414,303,-,-,-,-,-,-,-,-,-,-,-,-
2026-08-10,지사,전남,함평,42.9,-0.5,69.9,13,2,2,2,19,9791265,6844094,2947171,19942000,246,-,-,-,-,-,-,-,-,-,-,-,-
2026-08-10,지사,전남,영광,34.1,0,54.7,14,3,3,4,24,17832118,9754169,8077949,35755750,377,-,-,-,-,-,-,-,-,-,-,-,-
2026-08-10,지사,전남,장성,33.3,-0.2,55,19,4,3,0,26,74407457,40924102,33483355,153619000,363,-,-,-,-,-,-,-,-,-,-,-,-
2026-08-10,지사,전남,진도,43.2,-1.9,64.5,11,3,3,4,21,8829276,5694883,3134393,16478250,317,-,-,-,-,-,-,-,-,-,-,-,-
2026-08-10,본부,경북,-,45.3,-0.2,66.9,195,33,38,67,333,0,0,0,0,0,-,-,-,-,-,-,-,-,-,-,-,-
2026-08-10,지사,경북,포항.울릉,33,0.7,48.6,12,5,9,6,32,27788037,13504986,14283051,51155250,465,-,-,-,-,-,-,-,-,-,-,-,-
2026-08-10,지사,경북,경주,25.1,0.2,36.7,12,4,9,22,47,31874059,11697780,20176279,58255875,577,-,-,-,-,-,-,-,-,-,-,-,-
2026-08-10,지사,경북,안동,49.1,-0.9,78.8,9,0,2,1,12,5627807,4434712,1193095,11290000,176,-,-,-,-,-,-,-,-,-,-,-,-
2026-08-10,지사,경북,구미.김천,57.8,-0.8,76.2,13,1,0,0,14,14925712,11373393,3552319,24596438,241,-,-,-,-,-,-,-,-,-,-,-,-
2026-08-10,지사,경북,영주.봉화,71,-0.5,106.2,11,0,0,0,11,18128192,19252140,0,33894613,0,-,-,-,-,-,-,-,-,-,-,-,-
2026-08-10,지사,경북,영천,44,-0.5,60.9,15,5,3,9,32,15188814,9249988,5938826,26278375,377,-,-,-,-,-,-,-,-,-,-,-,-
2026-08-10,지사,경북,상주,51.9,-1.1,76.3,15,4,0,0,19,20477781,15624547,4853234,37631375,215,-,-,-,-,-,-,-,-,-,-,-,-
2026-08-10,지사,경북,문경,56.3,-1.7,77.6,6,0,0,0,6,25589728,19857629,5732099,44088875,217,-,-,-,-,-,-,-,-,-,-,-,-
2026-08-10,지사,경북,경산.청도,40.8,-0.6,57.7,18,4,6,5,33,25114097,14490834,10623263,44395938,399,-,-,-,-,-,-,-,-,-,-,-,-
2026-08-10,지사,경북,의성.군위,39.9,-0.6,71.6,21,0,1,8,30,17148089,12278032,4870057,38465013,211,-,-,-,-,-,-,-,-,-,-,-,-
2026-08-10,지사,경북,청송.영양,47.2,1.9,75.7,8,3,4,4,19,12814208,9700355,3113853,25689500,202,-,-,-,-,-,-,-,-,-,-,-,-
2026-08-10,지사,경북,영덕.울진,54.9,4.5,87.6,24,2,0,2,28,16549467,14497333,2052134,33008500,104,-,-,-,-,-,-,-,-,-,-,-,-
2026-08-10,지사,경북,고령,37.5,-1.5,65.6,1,0,0,6,7,4557736,2989875,1567861,9966250,262,-,-,-,-,-,-,-,-,-,-,-,-
2026-08-10,지사,경북,성주,40.5,-1,61.3,5,1,0,0,6,24025089,14727380,9297709,45454875,341,-,-,-,-,-,-,-,-,-,-,-,-
2026-08-10,지사,경북,칠곡,39.9,-0.8,48.6,8,3,3,3,17,8338164,4052348,4285816,12695325,563,-,-,-,-,-,-,-,-,-,-,-,-
2026-08-10,지사,경북,예천,68.7,-1.6,100.9,9,1,0,0,10,5770248,5822181,0,10593488,0,-,-,-,-,-,-,-,-,-,-,-,-
2026-08-10,지사,경북,달성,46.8,-0.4,65.6,8,0,1,1,10,15221843,9985529,5236314,26670750,327,-,-,-,-,-,-,-,-,-,-,-,-
2026-08-10,본부,경남,-,33.7,-0.8,46.9,79,43,63,133,318,0,0,0,0,0,-,-,-,-,-,-,-,-,-,-,-,-
2026-08-10,지사,경남,김해.양산.부산,30,0.1,47.2,1,1,2,1,5,2016674,951870,1064804,3966125,447,-,-,-,-,-,-,-,-,-,-,-,-
2026-08-10,지사,경남,고성.통영.거제,39.5,-1.3,50.1,10,3,8,10,31,16930678,8482270,8448408,26842625,525,-,-,-,-,-,-,-,-,-,-,-,-
2026-08-10,지사,경남,울산,34.9,-0.4,44.1,8,6,2,15,31,10917551,4814640,6102911,17244413,590,-,-,-,-,-,-,-,-,-,-,-,-
2026-08-10,지사,경남,진주.산청,32.9,0.4,44.4,17,8,10,22,57,28600244,12698508,15901736,48246613,549,-,-,-,-,-,-,-,-,-,-,-,-
2026-08-10,지사,경남,의령,28.1,-0.9,39,3,1,5,10,19,11667264,4550233,7117031,20241250,586,-,-,-,-,-,-,-,-,-,-,-,-
2026-08-10,지사,경남,함안,26.1,-1.4,38.9,2,0,1,7,10,4040065,1571585,2468480,7526750,547,-,-,-,-,-,-,-,-,-,-,-,-
2026-08-10,지사,경남,창녕,30.6,-2.9,42.9,5,1,5,9,20,8255866,3541766,4714100,14468000,543,-,-,-,-,-,-,-,-,-,-,-,-
2026-08-10,지사,경남,밀양,25.5,-0.1,34,3,3,1,22,29,12118575,4120316,7998259,20197625,660,-,-,-,-,-,-,-,-,-,-,-,-
2026-08-10,지사,경남,창원,27,-0.4,39.1,2,1,2,8,13,9980194,3902256,6077938,18066000,561,-,-,-,-,-,-,-,-,-,-,-,-
2026-08-10,지사,경남,사천,40.8,-1.4,54,10,5,5,6,26,15755222,8507820,7247402,26065625,463,-,-,-,-,-,-,-,-,-,-,-,-
2026-08-10,지사,경남,거창.함양,40.9,-1.3,63.3,6,4,12,3,25,22400536,14179539,8220997,43336000,316,-,-,-,-,-,-,-,-,-,-,-,-
2026-08-10,지사,경남,합천,34.9,-0.6,47.8,4,6,8,9,27,14275998,6823927,7452071,24441000,508,-,-,-,-,-,-,-,-,-,-,-,-
2026-08-10,지사,경남,하동.남해,31.2,-0.9,45.5,8,4,2,11,25,34605874,15745673,18860201,63083625,498,-,-,-,-,-,-,-,-,-,-,-,-
2026-08-10,본부,제주,-,51.4,0,87.9,8,0,0,2,10,0,0,0,0,0,-,-,-,-,-,-,-,-,-,-,-,-
2026-08-10,지사,제주,제주본부직할,51.4,0,87.9,8,0,0,2,10,2232011,1961938,270073,4771250,94,-,-,-,-,-,-,-,-,-,-,-,-
2026-08-11,전국,전국,-,47.2,-1.2,70.4,1102,223,213,333,1871,0,0,0,0,0,-,-,-,-,-,-,-,-,-,-,-,-
2026-08-11,본부,경기,-,61.1,-1.6,85,94,2,1,0,97,0,0,0,0,0,-,-,-,-,-,-,-,-,-,-,-,-
2026-08-11,지사,경기,여주.이천,63.6,-1.5,86.4,6,0,0,0,6,4624986,3995988,628998,7853750,133,-,-,-,-,-,-,-,-,-,-,-,-
2026-08-11,지사,경기,양평.광주.서울,62.7,-1.2,78.7,7,1,0,0,8,4668162,3673844,994318,7324250,226,-,-,-,-,-,-,-,-,-,-,-,-
2026-08-11,지사,경기,화성.수원,60.8,-1.2,79.4,19,1,0,0,20,15342198,12181706,3160492,25044625,210,-,-,-,-,-,-,-,-,-,-,-,-
2026-08-11,지사,경기,연천.포천.가평,72.6,-1.3,89.7,11,0,0,0,11,7977340,7155674,821666,12320375,111,-,-,-,-,-,-,-,-,-,-,-,-
2026-08-11,지사,경기,파주,67.5,-1.6,86.7,11,0,1,0,12,10878322,9431505,1446817,17465750,138,-,-,-,-,-,-,-,-,-,-,-,-
2026-08-11,지사,경기,강화.옹진,62.2,-2.2,87.4,17,0,0,0,17,20825684,18201648,2624036,36578875,120,-,-,-,-,-,-,-,-,-,-,-,-
2026-08-11,지사,경기,김포,66,-0.1,84.4,1,0,0,0,1,57867,48840,9027,92500,163,-,-,-,-,-,-,-,-,-,-,-,-
2026-08-11,지사,경기,평택,56,-2,81.9,5,0,0,0,5,23377778,19146400,4231378,42737500,165,-,-,-,-,-,-,-,-,-,-,-,-
2026-08-11,지사,경기,안성,59.3,-1.2,87.9,17,0,0,0,17,30405856,26726747,3679109,56338000,109,-,-,-,-,-,-,-,-,-,-,-,-
2026-08-11,본부,강원,-,72.3,-1.1,94.6,70,4,2,1,77,0,0,0,0,0,-,-,-,-,-,-,-,-,-,-,-,-
2026-08-11,지사,강원,홍천.춘천,66.7,0.8,85.3,26,2,1,0,29,22921342,19551904,3369438,36641500,153,-,-,-,-,-,-,-,-,-,-,-,-
2026-08-11,지사,강원,원주,57.1,-6.7,72.2,15,0,0,1,16,9499874,6858909,2640965,15015125,293,-,-,-,-,-,-,-,-,-,-,-,-
2026-08-11,지사,강원,강릉,78.9,0.5,110.1,13,1,0,0,14,20214166,22255796,0,35259500,0,-,-,-,-,-,-,-,-,-,-,-,-
2026-08-11,지사,강원,속초.고성.양양,73.9,-1.1,97.8,9,0,0,0,9,12515849,12240500,275349,20704500,22,-,-,-,-,-,-,-,-,-,-,-,-
2026-08-11,지사,강원,철원.화천,76,-1.9,97.2,7,1,1,0,9,27418642,26650920,767722,43833750,29,-,-,-,-,-,-,-,-,-,-,-,-
2026-08-11,본부,충북,-,63.9,-1.3,90.3,127,8,2,1,138,0,0,0,0,0,-,-,-,-,-,-,-,-,-,-,-,-
2026-08-11,지사,충북,청주,69.6,-0.6,88.4,16,0,1,0,17,22919894,20261186,2658708,36388625,122,-,-,-,-,-,-,-,-,-,-,-,-
2026-08-11,지사,충북,보은,61.7,-1.4,108.3,12,1,1,0,14,20573811,22281437,0,45140675,0,-,-,-,-,-,-,-,-,-,-,-,-
2026-08-11,지사,충북,옥천.영동,59.1,-1.1,79.5,26,4,0,1,31,16239676,12910543,3329133,27306563,203,-,-,-,-,-,-,-,-,-,-,-,-
2026-08-11,지사,충북,진천,56.8,-1.4,91,9,0,0,0,9,22137862,20145455,1992407,44334188,75,-,-,-,-,-,-,-,-,-,-,-,-
2026-08-11,지사,충북,괴산.증평,60.5,-1.8,79.6,18,2,0,0,20,20226343,16100169,4126174,33264813,207,-,-,-,-,-,-,-,-,-,-,-,-
2026-08-11,지사,충북,음성,69.6,-1.5,90.5,21,1,0,0,22,24392054,22074809,2317245,39645850,97,-,-,-,-,-,-,-,-,-,-,-,-
2026-08-11,지사,충북,충주.제천.단양,70.8,-1.5,92.2,25,0,0,0,25,20937219,19304116,1633103,34082125,80,-,-,-,-,-,-,-,-,-,-,-,-
2026-08-11,본부,충남,-,54.3,-2.2,83,166,19,3,1,189,0,0,0,0,0,-,-,-,-,-,-,-,-,-,-,-,-
2026-08-11,지사,충남,천안,64.8,-1.9,85.1,18,1,0,0,19,8753711,7449408,1304303,14370000,151,-,-,-,-,-,-,-,-,-,-,-,-
2026-08-11,지사,충남,공주,62.4,-1.7,95.1,12,0,0,0,12,13794435,13118508,675927,26279063,43,-,-,-,-,-,-,-,-,-,-,-,-
2026-08-11,지사,충남,보령,52.3,-2.3,75.9,16,3,0,0,19,20433520,15509042,4924478,37067500,221,-,-,-,-,-,-,-,-,-,-,-,-
2026-08-11,지사,충남,아산,61.9,-0.3,77.5,17,1,0,0,18,20597285,15962896,4634389,32235250,240,-,-,-,-,-,-,-,-,-,-,-,-
2026-08-11,지사,충남,서산.태안,51.7,-1.6,69.4,24,6,2,0,32,28664693,19893297,8771396,48097913,304,-,-,-,-,-,-,-,-,-,-,-,-
2026-08-11,지사,충남,논산,48,-3.3,76,8,2,0,0,10,24146400,18351264,5795136,47789750,202,-,-,-,-,-,-,-,-,-,-,-,-
2026-08-11,지사,충남,세종.대전.금산,77.6,-0.8,104.1,12,0,0,0,12,11332954,11797606,0,19003875,0,-,-,-,-,-,-,-,-,-,-,-,-
2026-08-11,지사,충남,부여,62.5,-2.2,86.2,9,1,0,0,10,11780380,10154688,1625692,20309375,133,-,-,-,-,-,-,-,-,-,-,-,-
2026-08-11,지사,충남,서천,48.4,-1.9,76.9,8,0,0,0,8,19547810,15032266,4515544,38823000,194,-,-,-,-,-,-,-,-,-,-,-,-
2026-08-11,지사,충남,청양,69.3,-1.9,99.4,17,0,0,1,18,17180474,17077391,103083,30803375,6,-,-,-,-,-,-,-,-,-,-,-,-
2026-08-11,지사,충남,홍성,55.4,-1.6,79.9,9,1,0,0,10,7451681,5953893,1497788,13433875,186,-,-,-,-,-,-,-,-,-,-,-,-
2026-08-11,지사,충남,예산,46.9,-3.2,87.9,11,2,0,0,13,56357847,49538547,6819300,132032375,86,-,-,-,-,-,-,-,-,-,-,-,-
2026-08-11,지사,충남,당진,55.7,-1.6,69.4,5,2,1,0,8,4380957,3040385,1340572,6823125,327,-,-,-,-,-,-,-,-,-,-,-,-
2026-08-11,본부,전북,-,40.1,-1.3,62.8,108,43,28,24,203,0,0,0,0,0,-,-,-,-,-,-,-,-,-,-,-,-
2026-08-11,지사,전북,남원,39.7,-1.2,59.4,9,4,2,4,19,31540046,18734787,12805259,58988625,362,-,-,-,-,-,-,-,-,-,-,-,-
2026-08-11,지사,전북,순창,44.6,-1.3,74.5,11,10,3,5,29,12986083,9674632,3311451,27115000,204,-,-,-,-,-,-,-,-,-,-,-,-
2026-08-11,지사,전북,동진,47.8,-2.6,68.2,5,1,1,0,7,15711552,10715278,4996274,28021125,297,-,-,-,-,-,-,-,-,-,-,-,-
2026-08-11,지사,전북,부안,45.8,-1.5,67.8,7,2,1,1,11,19927999,13511183,6416816,36875500,290,-,-,-,-,-,-,-,-,-,-,-,-
2026-08-11,지사,전북,군산,49.9,-1.7,75.3,8,2,0,0,10,15627381,11767418,3859963,29477500,218,-,-,-,-,-,-,-,-,-,-,-,-
2026-08-11,지사,전북,익산,47,-1.5,70.1,8,1,0,0,9,4132514,2896892,1235622,7704500,267,-,-,-,-,-,-,-,-,-,-,-,-
2026-08-11,지사,전북,전주.완주.임실,37.1,-1.4,59.6,17,6,8,6,37,80879369,48204104,32675265,162412750,335,-,-,-,-,-,-,-,-,-,-,-,-
2026-08-11,지사,전북,고창,37.3,-0.9,55.5,14,6,4,5,29,20618103,11443047,9175056,38348013,399,-,-,-,-,-,-,-,-,-,-,-,-
2026-08-11,지사,전북,정읍,33.3,-0.6,56.2,4,3,5,1,13,21900320,12307980,9592340,46201125,346,-,-,-,-,-,-,-,-,-,-,-,-
2026-08-11,지사,전북,무진장,40.6,-0.9,65.8,25,8,4,2,39,35091376,23090125,12001251,71090288,281,-,-,-,-,-,-,-,-,-,-,-,-
2026-08-11,본부,전남,-,41.4,-1,65.3,265,71,77,93,506,0,0,0,0,0,-,-,-,-,-,-,-,-,-,-,-,-
2026-08-11,지사,전남,광주,31.1,-1.6,49.8,6,2,1,4,13,3048112,1517960,1530152,6101125,418,-,-,-,-,-,-,-,-,-,-,-,-
2026-08-11,지사,전남,순천.광양.여수,45.1,-1.9,57.3,18,4,6,0,28,14809565,8485881,6323684,23519625,448,-,-,-,-,-,-,-,-,-,-,-,-
2026-08-11,지사,전남,나주,51,-0.3,89.4,28,3,4,6,41,68735849,61449849,7286000,150612375,81,-,-,-,-,-,-,-,-,-,-,-,-
2026-08-11,지사,전남,담양,45.2,-0.3,72.6,9,1,3,2,15,60886629,44203693,16682936,122244725,227,-,-,-,-,-,-,-,-,-,-,-,-
2026-08-11,지사,전남,곡성,29.7,-0.8,51.4,7,3,5,12,27,10135940,5209873,4926067,21927075,374,-,-,-,-,-,-,-,-,-,-,-,-
2026-08-11,지사,전남,구례,39.6,-1.6,52.7,5,1,4,6,16,10954698,5773126,5181572,18223250,474,-,-,-,-,-,-,-,-,-,-,-,-
2026-08-11,지사,전남,고흥,35.6,-1.4,51,10,6,9,12,37,16575849,8453683,8122166,29682875,456,-,-,-,-,-,-,-,-,-,-,-,-
2026-08-11,지사,전남,보성,46.8,-1.1,59.3,10,6,4,4,24,18905740,11211104,7694636,29944188,428,-,-,-,-,-,-,-,-,-,-,-,-
2026-08-11,지사,전남,화순,32.3,-1.1,50.8,6,4,5,8,23,19363469,9836642,9526827,38067500,417,-,-,-,-,-,-,-,-,-,-,-,-
2026-08-11,지사,전남,장흥,40.7,-1.2,60.2,9,8,2,6,25,15314491,9219323,6095168,28314875,359,-,-,-,-,-,-,-,-,-,-,-,-
2026-08-11,지사,전남,강진,46.9,-7.1,70.6,15,2,4,2,23,20636864,14569626,6067238,38831625,260,-,-,-,-,-,-,-,-,-,-,-,-
2026-08-11,지사,전남,해남.완도,42.2,-1,62.6,28,12,8,10,58,26350597,16495474,9855123,48861000,336,-,-,-,-,-,-,-,-,-,-,-,-
2026-08-11,지사,전남,영암,41.9,-1.2,67.2,22,4,4,6,36,11259989,7566713,3693276,22573725,273,-,-,-,-,-,-,-,-,-,-,-,-
2026-08-11,지사,전남,목포.무안.신안,42.3,-1.4,64.5,35,4,6,5,50,10687361,6893348,3794013,20370414,310,-,-,-,-,-,-,-,-,-,-,-,-
2026-08-11,지사,전남,함평,42.2,-0.8,69.2,13,2,2,2,19,9728929,6732419,2996510,19942000,250,-,-,-,-,-,-,-,-,-,-,-,-
2026-08-11,지사,전남,영광,33.9,-0.2,54.6,14,3,3,4,24,17759999,9696959,8063040,35755750,376,-,-,-,-,-,-,-,-,-,-,-,-
2026-08-11,지사,전남,장성,32.8,-0.6,54.3,19,4,3,0,26,74235038,40309626,33925412,153619000,368,-,-,-,-,-,-,-,-,-,-,-,-
2026-08-11,지사,전남,진도,41.9,-2,62.4,11,2,4,4,21,8851778,5523509,3328269,16478250,337,-,-,-,-,-,-,-,-,-,-,-,-
2026-08-11,본부,경북,-,44.8,-0.6,66,190,36,37,70,333,0,0,0,0,0,-,-,-,-,-,-,-,-,-,-,-,-
2026-08-11,지사,경북,포항.울릉,33,0.4,48.9,12,5,9,6,32,27617558,13504986,14112572,51155250,460,-,-,-,-,-,-,-,-,-,-,-,-
2026-08-11,지사,경북,경주,24.9,-0.2,36.4,12,4,7,24,47,31880688,11604570,20276118,58255875,580,-,-,-,-,-,-,-,-,-,-,-,-
2026-08-11,지사,경북,안동,47.9,-1.7,76.9,8,1,2,1,12,5625914,4326328,1299586,11290000,192,-,-,-,-,-,-,-,-,-,-,-,-
2026-08-11,지사,경북,구미.김천,57,-1,75,13,1,0,0,14,14954634,11215975,3738659,24596438,253,-,-,-,-,-,-,-,-,-,-,-,-
2026-08-11,지사,경북,영주.봉화,70.2,-1,104.8,11,0,0,0,11,18163373,19035214,0,33894613,0,-,-,-,-,-,-,-,-,-,-,-,-
2026-08-11,지사,경북,영천,44.3,0.1,60.7,13,5,4,10,32,15342761,9313056,6029705,26278375,382,-,-,-,-,-,-,-,-,-,-,-,-
2026-08-11,지사,경북,상주,51.1,-1.2,75,15,4,0,0,19,20511608,15383706,5127902,37631375,227,-,-,-,-,-,-,-,-,-,-,-,-
2026-08-11,지사,경북,문경,55.6,-1.1,76.4,6,0,0,0,6,25668497,19610732,6057765,44088875,229,-,-,-,-,-,-,-,-,-,-,-,-
2026-08-11,지사,경북,경산.청도,40.5,-0.5,57.2,17,5,6,5,33,25147349,14384284,10763065,44395938,404,-,-,-,-,-,-,-,-,-,-,-,-
2026-08-11,지사,경북,의성.군위,39.2,-1,68.9,20,1,1,8,30,17507443,12062628,5444815,38465013,236,-,-,-,-,-,-,-,-,-,-,-,-
2026-08-11,지사,경북,청송.영양,47.4,0.5,75.6,8,3,4,4,19,12885527,9741458,3144069,25689500,204,-,-,-,-,-,-,-,-,-,-,-,-
2026-08-11,지사,경북,영덕.울진,54.3,-0.6,84,24,2,0,2,28,17070110,14338892,2731218,33008500,138,-,-,-,-,-,-,-,-,-,-,-,-
2026-08-11,지사,경북,고령,36.6,-1.4,64.2,1,0,0,6,7,4545355,2918118,1627237,9966250,272,-,-,-,-,-,-,-,-,-,-,-,-
2026-08-11,지사,경북,성주,39.7,-1.2,60.5,5,1,0,0,6,23861931,14436468,9425463,45454875,346,-,-,-,-,-,-,-,-,-,-,-,-
2026-08-11,지사,경북,칠곡,39.1,-1,47.8,8,3,3,3,17,8307736,3971098,4336638,12695325,569,-,-,-,-,-,-,-,-,-,-,-,-
2026-08-11,지사,경북,예천,67.7,-1.4,98.6,9,1,0,0,10,5818897,5737433,81464,10593488,13,-,-,-,-,-,-,-,-,-,-,-,-
2026-08-11,지사,경북,달성,46.5,-0.5,65,8,0,1,1,10,15263875,9921519,5342356,26670750,334,-,-,-,-,-,-,-,-,-,-,-,-
2026-08-11,본부,경남,-,33.1,-0.8,46.2,74,40,63,141,318,0,0,0,0,0,-,-,-,-,-,-,-,-,-,-,-,-
2026-08-11,지사,경남,김해.양산.부산,29.8,-0.3,47,1,1,2,1,5,2011754,945524,1066230,3966125,448,-,-,-,-,-,-,-,-,-,-,-,-
2026-08-11,지사,경남,고성.통영.거제,38.7,-1.3,49.2,8,4,8,11,31,16891213,8310477,8580736,26842625,533,-,-,-,-,-,-,-,-,-,-,-,-
2026-08-11,지사,경남,울산,34.2,-0.9,43.3,7,6,2,16,31,10896238,4718071,6178167,17244413,597,-,-,-,-,-,-,-,-,-,-,-,-
2026-08-11,지사,경남,진주.산청,32.4,0.2,43.7,15,8,12,22,57,28616755,12505522,16111233,48246613,557,-,-,-,-,-,-,-,-,-,-,-,-
2026-08-11,지사,경남,의령,27.7,-0.8,38.6,3,1,4,11,19,11620365,4485461,7134904,20241250,587,-,-,-,-,-,-,-,-,-,-,-,-
2026-08-11,지사,경남,함안,25.1,-1.2,37.5,2,0,1,7,10,4030324,1511371,2518953,7526750,558,-,-,-,-,-,-,-,-,-,-,-,-
2026-08-11,지사,경남,창녕,30.4,-1.6,42.4,5,1,4,10,20,8298626,3518618,4780008,14468000,551,-,-,-,-,-,-,-,-,-,-,-,-
2026-08-11,지사,경남,밀양,25.1,-0.5,33.6,3,3,1,22,29,12070485,4055683,8014802,20197625,661,-,-,-,-,-,-,-,-,-,-,-,-
2026-08-11,지사,경남,창원,26.8,-0.6,38.9,2,1,2,8,13,9957199,3873350,6083849,18066000,561,-,-,-,-,-,-,-,-,-,-,-,-
2026-08-11,지사,경남,사천,40.1,-1.2,53.1,10,3,7,6,26,15747368,8361853,7385515,26065625,472,-,-,-,-,-,-,-,-,-,-,-,-
2026-08-11,지사,경남,거창.함양,40,-1.3,61.8,6,4,10,5,25,22439353,13867520,8571833,43336000,330,-,-,-,-,-,-,-,-,-,-,-,-
2026-08-11,지사,경남,합천,34.6,-0.4,47,4,6,7,10,27,14394189,6765269,7628920,24441000,520,-,-,-,-,-,-,-,-,-,-,-,-
2026-08-11,지사,경남,하동.남해,30.6,-1,44.9,8,2,3,12,25,34393923,15442871,18951052,63083625,501,-,-,-,-,-,-,-,-,-,-,-,-
2026-08-11,본부,제주,-,51.3,-0.1,88.1,8,0,0,2,10,0,0,0,0,0,-,-,-,-,-,-,-,-,-,-,-,-
2026-08-11,지사,제주,제주본부직할,51.3,-0.1,88.1,8,0,0,2,10,2222612,1958121,264491,4771250,92,-,-,-,-,-,-,-,-,-,-,-,-
2026-08-12,전국,전국,-,46.4,-1.2,69.4,1079,234,213,345,1871,0,0,0,0,0,-,-,-,-,-,-,-,-,-,-,-,-
2026-08-12,본부,경기,-,59.9,-1.8,83.6,94,2,1,0,97,0,0,0,0,0,-,-,-,-,-,-,-,-,-,-,-,-
2026-08-12,지사,경기,여주.이천,62.4,-1.7,85,6,0,0,0,6,4674310,3919994,754316,7853750,160,-,-,-,-,-,-,-,-,-,-,-,-
2026-08-12,지사,경기,양평.광주.서울,61.9,-1.3,77.8,7,1,0,0,8,4956150,3624793,1331357,7324250,303,-,-,-,-,-,-,-,-,-,-,-,-
2026-08-12,지사,경기,화성.수원,60,-1.2,78.6,19,1,0,0,20,15675260,12014082,3661178,25044625,244,-,-,-,-,-,-,-,-,-,-,-,-
2026-08-12,지사,경기,연천.포천.가평,71.6,-1.3,88.7,11,0,0,0,11,8233000,7061705,1171295,12320375,158,-,-,-,-,-,-,-,-,-,-,-,-
2026-08-12,지사,경기,파주,66.4,-1.6,85.1,11,0,1,0,12,11121130,9277061,1844069,17465750,176,-,-,-,-,-,-,-,-,-,-,-,-
2026-08-12,지사,경기,강화.옹진,60.7,-2.5,85.6,17,0,0,0,17,20926420,17775707,3150713,36578875,144,-,-,-,-,-,-,-,-,-,-,-,-
2026-08-12,지사,경기,김포,65.8,-0.3,83.7,1,0,0,0,1,58190,48684,9506,92500,171,-,-,-,-,-,-,-,-,-,-,-,-
2026-08-12,지사,경기,평택,54.8,-1.9,80.4,5,0,0,0,5,23329320,18731219,4598101,42737500,179,-,-,-,-,-,-,-,-,-,-,-,-
2026-08-12,지사,경기,안성,58.2,-1.6,86.4,17,0,0,0,17,30483290,26219622,4263668,56338000,126,-,-,-,-,-,-,-,-,-,-,-,-
2026-08-12,본부,강원,-,71.3,-1.3,93.5,70,4,2,1,77,0,0,0,0,0,-,-,-,-,-,-,-,-,-,-,-,-
2026-08-12,지사,강원,홍천.춘천,65.9,-1.2,84.4,26,2,1,0,29,22916041,19316659,3599382,36641500,164,-,-,-,-,-,-,-,-,-,-,-,-
2026-08-12,지사,강원,원주,56.1,-1.5,71.3,15,0,0,1,16,9458500,6740438,2718062,15015125,302,-,-,-,-,-,-,-,-,-,-,-,-
2026-08-12,지사,강원,강릉,78.4,-0.4,109.6,13,1,0,0,14,20295540,22123412,0,35259500,0,-,-,-,-,-,-,-,-,-,-,-,-
2026-08-12,지사,강원,속초.고성.양양,72.8,-1.5,96.2,9,0,0,0,9,12539608,12051713,487895,20704500,39,-,-,-,-,-,-,-,-,-,-,-,-
2026-08-12,지사,강원,철원.화천,74.7,-1.9,95.8,7,1,1,0,9,27588790,26183884,1404906,43833750,53,-,-,-,-,-,-,-,-,-,-,-,-
2026-08-12,본부,충북,-,63,-1.4,89.1,125,9,3,1,138,0,0,0,0,0,-,-,-,-,-,-,-,-,-,-,-,-
2026-08-12,지사,충북,청주,69.2,-0.6,88,16,1,0,0,17,22990370,20158925,2831445,36388625,130,-,-,-,-,-,-,-,-,-,-,-,-
2026-08-12,지사,충북,보은,60.3,-1.8,106.7,11,1,2,0,14,20485454,21774445,0,45140675,0,-,-,-,-,-,-,-,-,-,-,-,-
2026-08-12,지사,충북,옥천.영동,58.2,-1.2,78.3,26,4,0,1,31,16236620,12713520,3523100,27306563,215,-,-,-,-,-,-,-,-,-,-,-,-
2026-08-12,지사,충북,진천,55.8,-1.3,89.5,9,0,0,0,9,22127560,19795011,2332549,44334188,88,-,-,-,-,-,-,-,-,-,-,-,-
2026-08-12,지사,충북,괴산.증평,59.5,-1.7,78.5,17,3,0,0,20,20259770,15827037,4432733,33264813,222,-,-,-,-,-,-,-,-,-,-,-,-
2026-08-12,지사,충북,음성,68.6,-1.5,89.3,21,0,1,0,22,24438640,21751563,2687077,39645850,113,-,-,-,-,-,-,-,-,-,-,-,-
2026-08-12,지사,충북,충주.제천.단양,69.8,-1.5,91.1,25,0,0,0,25,20870670,19020170,1850500,34082125,90,-,-,-,-,-,-,-,-,-,-,-,-
2026-08-12,본부,충남,-,52.6,-2.4,80.8,163,19,6,1,189,0,0,0,0,0,-,-,-,-,-,-,-,-,-,-,-,-
2026-08-12,지사,충남,천안,63.3,-2.2,83.3,18,1,0,0,19,8829080,7275524,1553556,14370000,180,-,-,-,-,-,-,-,-,-,-,-,-
2026-08-12,지사,충남,공주,61.3,-1.6,93.9,12,0,0,0,12,13765571,12884061,881510,26279063,56,-,-,-,-,-,-,-,-,-,-,-,-
2026-08-12,지사,충남,보령,50.8,-2.3,74.3,14,4,1,0,19,20273350,15051850,5221500,37067500,235,-,-,-,-,-,-,-,-,-,-,-,-
2026-08-12,지사,충남,아산,60.4,-2.2,75.7,17,1,0,0,18,21081630,15571014,5510616,32235250,285,-,-,-,-,-,-,-,-,-,-,-,-
2026-08-12,지사,충남,서산.태안,50.7,-1.4,68.2,25,3,4,0,32,28914370,19513408,9400962,48097913,326,-,-,-,-,-,-,-,-,-,-,-,-
2026-08-12,지사,충남,논산,45.7,-3.4,72.4,8,2,0,0,10,24183450,17464339,6719111,47789750,234,-,-,-,-,-,-,-,-,-,-,-,-
2026-08-12,지사,충남,세종.대전.금산,77.2,-0.6,103.1,12,0,0,0,12,11523600,11735920,0,19003875,0,-,-,-,-,-,-,-,-,-,-,-,-
2026-08-12,지사,충남,부여,61.6,-1.5,85.4,9,1,0,0,10,11801500,10011256,1790244,20309375,147,-,-,-,-,-,-,-,-,-,-,-,-
2026-08-12,지사,충남,서천,47,-1.9,74.8,7,1,0,0,8,19792290,14607806,5184484,38823000,223,-,-,-,-,-,-,-,-,-,-,-,-
2026-08-12,지사,충남,청양,68,-1.9,96.9,17,0,0,1,18,17323160,16764717,558443,30803375,30,-,-,-,-,-,-,-,-,-,-,-,-
2026-08-12,지사,충남,홍성,55,-0.8,79.4,9,1,0,0,10,7513590,5910779,1602811,13433875,199,-,-,-,-,-,-,-,-,-,-,-,-
2026-08-12,지사,충남,예산,44.1,-3.5,84.8,10,3,0,0,13,54936999,46594435,8342564,132032375,105,-,-,-,-,-,-,-,-,-,-,-,-
2026-08-12,지사,충남,당진,54.8,-1.6,68.4,5,2,1,0,8,4377290,2989548,1387742,6823125,339,-,-,-,-,-,-,-,-,-,-,-,-
2026-08-12,본부,전북,-,39.5,-1,62,105,45,28,25,203,0,0,0,0,0,-,-,-,-,-,-,-,-,-,-,-,-
2026-08-12,지사,전북,남원,38.9,-1.2,58.4,9,4,2,4,19,31672590,18339498,13333092,58988625,377,-,-,-,-,-,-,-,-,-,-,-,-
2026-08-12,지사,전북,순창,43.7,-1.4,73.6,11,9,4,5,29,12942790,9484738,3458052,27115000,213,-,-,-,-,-,-,-,-,-,-,-,-
2026-08-12,지사,전북,동진,47.5,-1.3,67.8,5,1,1,0,7,15716670,10654545,5062125,28021125,301,-,-,-,-,-,-,-,-,-,-,-,-
2026-08-12,지사,전북,부안,46.3,0.5,68.7,8,1,1,1,11,20151210,13665340,6485870,36875500,293,-,-,-,-,-,-,-,-,-,-,-,-
2026-08-12,지사,전북,군산,49.3,-1.1,74.5,8,1,1,0,10,15827830,11633478,4194352,29477500,237,-,-,-,-,-,-,-,-,-,-,-,-
2026-08-12,지사,전북,익산,46.6,-0.7,69.4,8,1,0,0,9,4157930,2870656,1287274,7704500,278,-,-,-,-,-,-,-,-,-,-,-,-
2026-08-12,지사,전북,전주.완주.임실,36.4,-1.3,58.4,14,9,7,7,37,81287190,47234661,34052529,162412750,349,-,-,-,-,-,-,-,-,-,-,-,-
2026-08-12,지사,전북,고창,36.7,-0.9,54.9,14,6,4,5,29,20537710,11248045,9289665,38348013,404,-,-,-,-,-,-,-,-,-,-,-,-
2026-08-12,지사,전북,정읍,32.4,-0.9,54.9,4,4,4,1,13,21803070,11966859,9836211,46201125,355,-,-,-,-,-,-,-,-,-,-,-,-
2026-08-12,지사,전북,무진장,40.1,-0.8,65.3,24,9,4,2,39,35356660,22832549,12524111,71090288,294,-,-,-,-,-,-,-,-,-,-,-,-
2026-08-12,본부,전남,-,40.7,-0.9,64.5,254,75,78,99,506,0,0,0,0,0,-,-,-,-,-,-,-,-,-,-,-,-
2026-08-12,지사,전남,광주,30,-1.6,48.1,5,3,1,4,13,3114530,1463872,1650658,6101125,451,-,-,-,-,-,-,-,-,-,-,-,-
2026-08-12,지사,전남,순천.광양.여수,43.9,-1.8,56.2,18,2,7,1,28,14889280,8266231,6623049,23519625,469,-,-,-,-,-,-,-,-,-,-,-,-
2026-08-12,지사,전남,나주,50.5,-0.7,88.6,26,4,4,7,41,69087290,60792352,8294938,150612375,92,-,-,-,-,-,-,-,-,-,-,-,-
2026-08-12,지사,전남,담양,45.2,-0.1,72.7,8,2,3,2,15,61063730,44205300,16858430,122244725,230,-,-,-,-,-,-,-,-,-,-,-,-
2026-08-12,지사,전남,곡성,29.1,-0.9,50.7,6,4,5,12,27,10061510,5099084,4962426,21927075,377,-,-,-,-,-,-,-,-,-,-,-,-
2026-08-12,지사,전남,구례,38.4,-1.8,51.6,5,0,5,6,16,10954300,5598548,5355752,18223250,490,-,-,-,-,-,-,-,-,-,-,-,-
2026-08-12,지사,전남,고흥,34.8,-1.2,50.1,10,5,10,12,37,16705840,8273064,8432776,29682875,473,-,-,-,-,-,-,-,-,-,-,-,-
2026-08-12,지사,전남,보성,46,-1.2,58.3,10,6,4,4,24,19165350,11018238,8147112,29944188,453,-,-,-,-,-,-,-,-,-,-,-,-
2026-08-12,지사,전남,화순,31.8,-0.9,50.3,6,4,5,8,23,19344150,9674487,9669663,38067500,423,-,-,-,-,-,-,-,-,-,-,-,-
2026-08-12,지사,전남,장흥,40.4,-0.8,60,10,7,1,7,25,15326830,9144225,6182605,28314875,364,-,-,-,-,-,-,-,-,-,-,-,-
2026-08-12,지사,전남,강진,45.7,-1.7,69.1,15,2,4,2,23,20624040,14205346,6418694,38831625,275,-,-,-,-,-,-,-,-,-,-,-,-
2026-08-12,지사,전남,해남.완도,41.4,-1.1,61.5,25,13,9,11,58,26459770,16194048,10265722,48861000,350,-,-,-,-,-,-,-,-,-,-,-,-
2026-08-12,지사,전남,영암,41.4,-0.9,66.7,22,4,4,6,36,11412630,7480327,3932303,22573725,290,-,-,-,-,-,-,-,-,-,-,-,-
2026-08-12,지사,전남,목포.무안.신안,41.5,-1.5,63.6,35,5,3,7,50,10755707,6761679,3994028,20370414,327,-,-,-,-,-,-,-,-,-,-,-,-
2026-08-12,지사,전남,함평,40.9,-1.9,67.8,13,2,2,2,19,9729400,6522988,3206412,19942000,268,-,-,-,-,-,-,-,-,-,-,-,-
2026-08-12,지사,전남,영광,33.2,-0.9,53.7,12,5,3,4,24,17828500,9492151,8336349,35755750,389,-,-,-,-,-,-,-,-,-,-,-,-
2026-08-12,지사,전남,장성,32,-1.1,53.2,19,4,3,0,26,74159540,39352356,34807184,153619000,378,-,-,-,-,-,-,-,-,-,-,-,-
2026-08-12,지사,전남,진도,41,-1.6,61,9,3,5,4,21,8998680,5401014,3597666,16478250,364,-,-,-,-,-,-,-,-,-,-,-,-
2026-08-12,본부,경북,-,44.3,-0.8,65.3,190,36,36,71,333,0,0,0,0,0,-,-,-,-,-,-,-,-,-,-,-,-
2026-08-12,지사,경북,포항.울릉,33.2,0.2,49.3,12,5,9,6,32,28765980,13578283,15187697,51155250,495,-,-,-,-,-,-,-,-,-,-,-,-
2026-08-12,지사,경북,경주,24.4,-0.6,35.9,12,5,6,24,47,32011130,11381827,20629303,58255875,590,-,-,-,-,-,-,-,-,-,-,-,-
2026-08-12,지사,경북,안동,46.5,-2.1,74.9,8,1,2,1,12,5641700,4200841,1440859,11290000,213,-,-,-,-,-,-,-,-,-,-,-,-
2026-08-12,지사,경북,구미.김천,56.2,-1.2,73.7,13,1,0,0,14,15409800,11049168,4360632,24596438,295,-,-,-,-,-,-,-,-,-,-,-,-
2026-08-12,지사,경북,영주.봉화,69.4,-1.1,104,11,0,0,0,11,18119290,18824309,0,33894613,0,-,-,-,-,-,-,-,-,-,-,-,-
2026-08-12,지사,경북,영천,44,0.2,60.5,14,4,4,10,32,15532990,9257048,6275942,26278375,398,-,-,-,-,-,-,-,-,-,-,-,-
2026-08-12,지사,경북,상주,50,-1.5,73.3,14,4,1,0,19,20503150,15038114,5465036,37631375,242,-,-,-,-,-,-,-,-,-,-,-,-
2026-08-12,지사,경북,문경,54.9,-1,75.7,5,1,0,0,6,25601430,19360799,6240631,44088875,236,-,-,-,-,-,-,-,-,-,-,-,-
2026-08-12,지사,경북,경산.청도,40.2,-0.5,56.8,17,5,6,5,33,25966260,14261771,11704489,44395938,439,-,-,-,-,-,-,-,-,-,-,-,-
2026-08-12,지사,경북,의성.군위,38.5,-1.1,68,20,1,1,8,30,17539480,11844591,5694889,38465013,247,-,-,-,-,-,-,-,-,-,-,-,-
2026-08-12,지사,경북,청송.영양,47.2,-0.1,75.4,9,2,4,4,19,12921760,9701458,3220302,25689500,209,-,-,-,-,-,-,-,-,-,-,-,-
2026-08-12,지사,경북,영덕.울진,53.8,-0.8,83.3,25,1,0,2,28,17187700,14207974,2979726,33008500,150,-,-,-,-,-,-,-,-,-,-,-,-
2026-08-12,지사,경북,고령,35.6,-1.4,62.7,1,0,0,6,7,4529230,2839690,1689540,9966250,283,-,-,-,-,-,-,-,-,-,-,-,-
2026-08-12,지사,경북,성주,38.9,-1.2,59.4,5,1,0,0,6,24375410,14143157,10232253,45454875,375,-,-,-,-,-,-,-,-,-,-,-,-
2026-08-12,지사,경북,칠곡,38.6,-0.9,47.2,8,3,2,4,17,8742710,3921084,4821626,12695325,633,-,-,-,-,-,-,-,-,-,-,-,-
2026-08-12,지사,경북,예천,66.6,-1.6,97.2,9,1,0,0,10,5820200,5644708,175492,10593488,28,-,-,-,-,-,-,-,-,-,-,-,-
2026-08-12,지사,경북,달성,46.2,-0.5,64.7,7,1,1,1,10,15295650,9847850,5447800,26670750,340,-,-,-,-,-,-,-,-,-,-,-,-
2026-08-12,본부,경남,-,32.9,-0.4,46.2,70,44,59,145,318,0,0,0,0,0,-,-,-,-,-,-,-,-,-,-,-,-
2026-08-12,지사,경남,김해.양산.부산,29.7,-0.1,47,1,1,2,1,5,2064830,941559,1123271,3966125,472,-,-,-,-,-,-,-,-,-,-,-,-
2026-08-12,지사,경남,고성.통영.거제,38.1,-1,48.6,8,4,7,12,31,17203960,8174988,9028972,26842625,561,-,-,-,-,-,-,-,-,-,-,-,-
2026-08-12,지사,경남,울산,33.6,-0.9,42.7,7,7,1,16,31,11721530,4630295,7091235,17244413,685,-,-,-,-,-,-,-,-,-,-,-,-
2026-08-12,지사,경남,진주.산청,31.8,-0.3,43.3,13,9,13,22,57,28413900,12279528,16134372,48246613,557,-,-,-,-,-,-,-,-,-,-,-,-
2026-08-12,지사,경남,의령,26.9,-1,37.7,3,1,3,12,19,11585670,4361215,7224455,20241250,595,-,-,-,-,-,-,-,-,-,-,-,-
2026-08-12,지사,경남,함안,25.7,0.5,38.6,2,0,1,7,10,4069080,1549295,2519785,7526750,558,-,-,-,-,-,-,-,-,-,-,-,-
2026-08-12,지사,경남,창녕,29.9,-0.5,41.8,5,1,4,10,20,8356640,3459767,4896873,14468000,564,-,-,-,-,-,-,-,-,-,-,-,-
2026-08-12,지사,경남,밀양,24.5,-0.8,33,2,4,1,22,29,12172980,3964945,8208035,20197625,677,-,-,-,-,-,-,-,-,-,-,-,-
2026-08-12,지사,경남,창원,26.6,-0.2,38.6,2,1,2,8,13,13096000,3838154,9257846,18066000,854,-,-,-,-,-,-,-,-,-,-,-,-
2026-08-12,지사,경남,사천,39.3,-1.2,52.2,10,3,7,6,26,15960910,8190798,7770112,26065625,497,-,-,-,-,-,-,-,-,-,-,-,-
2026-08-12,지사,경남,거창.함양,39.4,-0.9,61.3,6,4,8,7,25,22342660,13671455,8671205,43336000,333,-,-,-,-,-,-,-,-,-,-,-,-
2026-08-12,지사,경남,합천,34.1,-0.7,46.7,4,6,7,10,27,14295050,6661504,7633546,24441000,521,-,-,-,-,-,-,-,-,-,-,-,-
2026-08-12,지사,경남,하동.남해,31.9,1,47.1,7,3,3,12,25,34456590,16077000,18379590,63083625,486,-,-,-,-,-,-,-,-,-,-,-,-
2026-08-12,본부,제주,-,51,-0.3,87.3,8,0,0,2,10,0,0,0,0,0,-,-,-,-,-,-,-,-,-,-,-,-
2026-08-12,지사,제주,제주본부직할,51,-0.3,87.3,8,0,0,2,10,2230050,1946565,283485,4771250,99,-,-,-,-,-,-,-,-,-,-,-,-
2026-08-13,전국,전국,-,45.6,-1.1,68.3,1049,246,213,362,1870,0,0,0,0,0,-,-,-,-,-,-,-,-,-,-,-,-
2026-08-13,본부,경기,-,58.8,-1.7,82,93,3,1,0,97,0,0,0,0,0,-,-,-,-,-,-,-,-,-,-,-,-
2026-08-13,지사,경기,여주.이천,61.6,-1.4,84,6,0,0,0,6,4670440,3868247,802193,7853750,170,-,-,-,-,-,-,-,-,-,-,-,-
2026-08-13,지사,경기,양평.광주.서울,61.2,-1.1,77,7,1,0,0,8,4955210,3584496,1370714,7324250,312,-,-,-,-,-,-,-,-,-,-,-,-
2026-08-13,지사,경기,화성.수원,59.1,-1.3,77.5,19,1,0,0,20,15670100,11836613,3833487,25044625,255,-,-,-,-,-,-,-,-,-,-,-,-
2026-08-13,지사,경기,연천.포천.가평,70.7,-1.4,87.6,11,0,0,0,11,8229060,6965741,1263319,12320375,171,-,-,-,-,-,-,-,-,-,-,-,-
2026-08-13,지사,경기,파주,65.3,-1.7,83.1,11,0,1,0,12,11191500,9118742,2072758,17465750,198,-,-,-,-,-,-,-,-,-,-,-,-
2026-08-13,지사,경기,강화.옹진,59.4,-1.9,83.4,17,0,0,0,17,20977740,17370068,3607672,36578875,164,-,-,-,-,-,-,-,-,-,-,-,-
2026-08-13,지사,경기,김포,65.7,-0.2,82.9,1,0,0,0,1,58670,48617,10053,92500,181,-,-,-,-,-,-,-,-,-,-,-,-
2026-08-13,지사,경기,평택,53.6,-1.7,78.5,5,0,0,0,5,23354130,18315627,5038503,42737500,196,-,-,-,-,-,-,-,-,-,-,-,-
2026-08-13,지사,경기,안성,57,-1.7,84.8,16,1,0,0,17,30412420,25669240,4743180,56338000,140,-,-,-,-,-,-,-,-,-,-,-,-
2026-08-13,본부,강원,-,71.6,0.4,93.9,69,4,1,2,76,0,0,0,0,0,-,-,-,-,-,-,-,-,-,-,-,-
2026-08-13,지사,강원,홍천.춘천,65.1,1.3,83.5,24,3,1,0,28,22886381,19083372,3803009,36641500,173,-,-,-,-,-,-,-,-,-,-,-,-
2026-08-13,지사,강원,원주,55.2,-1.5,70.3,15,0,0,1,16,9430360,6627576,2802784,15015125,311,-,-,-,-,-,-,-,-,-,-,-,-
2026-08-13,지사,강원,강릉,82,3.4,114.7,14,0,0,0,14,20270750,23133646,0,35259500,0,-,-,-,-,-,-,-,-,-,-,-,-
2026-08-13,지사,강원,속초.고성.양양,73.2,-0.2,96.7,9,0,0,0,9,12554014,12127042,426972,20704500,34,-,-,-,-,-,-,-,-,-,-,-,-
2026-08-13,지사,강원,철원.화천,73.4,-1.8,94.2,7,1,0,1,9,27564630,25738906,1825724,43833750,69,-,-,-,-,-,-,-,-,-,-,-,-
2026-08-13,본부,충북,-,62,-1.5,87.9,125,9,2,2,138,0,0,0,0,0,-,-,-,-,-,-,-,-,-,-,-,-
2026-08-13,지사,충북,청주,69,-0.4,87.7,16,1,0,0,17,22970810,20076771,2894039,36388625,133,-,-,-,-,-,-,-,-,-,-,-,-
2026-08-13,지사,충북,보은,59.1,-1.9,105.2,11,1,1,1,14,20364168,21334032,0,45140675,0,-,-,-,-,-,-,-,-,-,-,-,-
2026-08-13,지사,충북,옥천.영동,57.4,-1.2,77.2,26,4,0,1,31,16231610,12531240,3700370,27306563,226,-,-,-,-,-,-,-,-,-,-,-,-
2026-08-13,지사,충북,진천,54.8,-1.4,87.9,9,0,0,0,9,22118120,19431983,2686137,44334188,101,-,-,-,-,-,-,-,-,-,-,-,-
2026-08-13,지사,충북,괴산.증평,58.5,-1.5,77.3,17,3,0,0,20,20229010,15568624,4660386,33264813,233,-,-,-,-,-,-,-,-,-,-,-,-
2026-08-13,지사,충북,음성,67.5,-1.7,87.9,21,0,1,0,22,24424780,21405319,3019461,39645850,127,-,-,-,-,-,-,-,-,-,-,-,-
2026-08-13,지사,충북,충주.제천.단양,68.4,-1.8,89.6,25,0,0,0,25,20822330,18651631,2170699,34082125,106,-,-,-,-,-,-,-,-,-,-,-,-
2026-08-13,본부,충남,-,51.4,-1.9,79.2,158,22,7,2,189,0,0,0,0,0,-,-,-,-,-,-,-,-,-,-,-,-
2026-08-13,지사,충남,천안,62,-2,81.6,18,1,0,0,19,8841740,7132750,1708990,14370000,198,-,-,-,-,-,-,-,-,-,-,-,-
2026-08-13,지사,충남,공주,60.1,-1.7,92.5,12,0,0,0,12,13711246,12644491,1066755,26279063,68,-,-,-,-,-,-,-,-,-,-,-,-
2026-08-13,지사,충남,보령,49.3,-2.1,72.9,14,4,1,0,19,20089430,14628096,5461334,37067500,246,-,-,-,-,-,-,-,-,-,-,-,-
2026-08-13,지사,충남,아산,59.2,-2,74.3,17,1,0,0,18,21055530,15275209,5780321,32235250,299,-,-,-,-,-,-,-,-,-,-,-,-
2026-08-13,지사,충남,서산.태안,49.5,-1.7,66.4,22,5,5,0,32,28947870,19028837,9919033,48097913,344,-,-,-,-,-,-,-,-,-,-,-,-
2026-08-13,지사,충남,논산,43.5,-3.3,68.9,6,4,0,0,10,24175350,16619160,7556190,47789750,264,-,-,-,-,-,-,-,-,-,-,-,-
2026-08-13,지사,충남,세종.대전.금산,76.8,-0.6,102.6,12,0,0,0,12,11521570,11676030,0,19003875,0,-,-,-,-,-,-,-,-,-,-,-,-
2026-08-13,지사,충남,부여,60.7,-1.3,84.2,9,1,0,0,10,11793270,9864367,1928903,20309375,158,-,-,-,-,-,-,-,-,-,-,-,-
2026-08-13,지사,충남,서천,45.8,-1.8,73,7,1,0,0,8,19743990,14236646,5507344,38823000,236,-,-,-,-,-,-,-,-,-,-,-,-
2026-08-13,지사,충남,청양,66.8,-1.9,95.2,17,0,0,1,18,17314970,16456399,858571,30803375,46,-,-,-,-,-,-,-,-,-,-,-,-
2026-08-13,지사,충남,홍성,54.2,-1.1,78.2,9,0,1,0,10,7513770,5820911,1692859,13433875,210,-,-,-,-,-,-,-,-,-,-,-,-
2026-08-13,지사,충남,예산,43.2,-1.9,83.5,10,3,0,0,13,54589861,45598982,8990879,132032375,113,-,-,-,-,-,-,-,-,-,-,-,-
2026-08-13,지사,충남,당진,53.6,-1.7,66.8,5,2,0,1,8,4384330,2923456,1460874,6823125,357,-,-,-,-,-,-,-,-,-,-,-,-
2026-08-13,본부,전북,-,38.8,-1,60.9,103,44,27,29,203,0,0,0,0,0,-,-,-,-,-,-,-,-,-,-,-,-
2026-08-13,지사,전북,남원,38,-1.2,57.2,9,4,2,4,19,31639560,17926128,13713432,58988625,387,-,-,-,-,-,-,-,-,-,-,-,-
2026-08-13,지사,전북,순창,42.9,-1.3,72.2,11,10,3,5,29,12938940,9306701,3632239,27115000,223,-,-,-,-,-,-,-,-,-,-,-,-
2026-08-13,지사,전북,동진,47.5,0,67.8,5,1,1,0,7,15728140,10652212,5075928,28021125,302,-,-,-,-,-,-,-,-,-,-,-,-
2026-08-13,지사,전북,부안,46.1,0,68.3,8,1,1,1,11,20150780,13594464,6556316,36875500,296,-,-,-,-,-,-,-,-,-,-,-,-
2026-08-13,지사,전북,군산,48.9,-0.9,73.9,8,1,0,1,10,15820290,11542364,4277926,29477500,242,-,-,-,-,-,-,-,-,-,-,-,-
2026-08-13,지사,전북,익산,46,-0.8,68.4,8,1,0,0,9,4171360,2835783,1335577,7704500,289,-,-,-,-,-,-,-,-,-,-,-,-
2026-08-13,지사,전북,전주.완주.임실,35.5,-1.2,56.9,14,8,6,9,37,81485080,46134820,35350260,162412750,363,-,-,-,-,-,-,-,-,-,-,-,-
2026-08-13,지사,전북,고창,35.5,-1.6,53.1,13,7,4,5,29,20511170,10879586,9631584,38348013,419,-,-,-,-,-,-,-,-,-,-,-,-
2026-08-13,지사,전북,정읍,31.7,-1.1,53.9,4,3,4,2,13,21766060,11726779,10039281,46201125,362,-,-,-,-,-,-,-,-,-,-,-,-
2026-08-13,지사,전북,무진장,39.5,-0.9,64.3,23,8,6,2,39,35327080,22491919,12835161,71090288,301,-,-,-,-,-,-,-,-,-,-,-,-
2026-08-13,본부,전남,-,39.9,-1.2,63.2,240,81,77,108,506,0,0,0,0,0,-,-,-,-,-,-,-,-,-,-,-,-
2026-08-13,지사,전남,광주,28.6,-2,45.9,4,3,2,4,13,3121700,1397401,1724299,6101125,471,-,-,-,-,-,-,-,-,-,-,-,-
2026-08-13,지사,전남,순천.광양.여수,43,-1.4,55,16,4,7,1,28,14888150,8098953,6789197,23519625,481,-,-,-,-,-,-,-,-,-,-,-,-
2026-08-13,지사,전남,나주,49.7,-1.1,87.1,25,5,5,6,41,69200550,59885611,9314939,150612375,103,-,-,-,-,-,-,-,-,-,-,-,-
2026-08-13,지사,전남,담양,45.1,-0.1,72.6,8,2,3,2,15,61033770,44133421,16900349,122244725,230,-,-,-,-,-,-,-,-,-,-,-,-
2026-08-13,지사,전남,곡성,27.9,-1.5,48.7,5,3,6,13,27,10064640,4900045,5164595,21927075,393,-,-,-,-,-,-,-,-,-,-,-,-
2026-08-13,지사,전남,구례,37.1,-1.8,50.2,4,0,4,8,16,10899580,5414715,5484865,18223250,502,-,-,-,-,-,-,-,-,-,-,-,-
2026-08-13,지사,전남,고흥,34.2,-1.1,49.1,9,5,11,12,37,16711710,8117440,8594270,29682875,483,-,-,-,-,-,-,-,-,-,-,-,-
2026-08-13,지사,전남,보성,45,-1.6,57.1,9,6,5,4,24,19172660,10790088,8382572,29944188,467,-,-,-,-,-,-,-,-,-,-,-,-
2026-08-13,지사,전남,화순,31.1,-1,49.2,6,4,4,9,23,19362640,9460900,9901740,38067500,434,-,-,-,-,-,-,-,-,-,-,-,-
2026-08-13,지사,전남,장흥,38,-2.3,56.6,7,8,3,7,25,15328380,8617699,6710681,28314875,395,-,-,-,-,-,-,-,-,-,-,-,-
2026-08-13,지사,전남,강진,44.6,-1.7,67.2,15,2,4,2,23,20705490,13868302,6837188,38831625,293,-,-,-,-,-,-,-,-,-,-,-,-
2026-08-13,지사,전남,해남.완도,40,-1.8,59.3,23,16,4,15,58,26515480,15643713,10871767,48861000,371,-,-,-,-,-,-,-,-,-,-,-,-
2026-08-13,지사,전남,영암,40.7,-1,65.3,23,2,5,6,36,11446540,7350598,4095942,22573725,302,-,-,-,-,-,-,-,-,-,-,-,-
2026-08-13,지사,전남,목포.무안.신안,40.8,-1.3,62.5,34,6,2,8,50,10762837,6645470,4117367,20370414,337,-,-,-,-,-,-,-,-,-,-,-,-
2026-08-13,지사,전남,함평,39.3,-2.4,65.4,13,2,1,3,19,9683360,6267565,3415795,19942000,285,-,-,-,-,-,-,-,-,-,-,-,-
2026-08-13,지사,전남,영광,31.9,-1.7,51.7,12,5,3,4,24,17800190,9125126,8675064,35755750,404,-,-,-,-,-,-,-,-,-,-,-,-
2026-08-13,지사,전남,장성,31.2,-1.2,52,19,4,3,0,26,74021920,38365124,35656796,153619000,387,-,-,-,-,-,-,-,-,-,-,-,-
2026-08-13,지사,전남,진도,40.2,-1.3,60,8,4,5,4,21,8971480,5303916,3667564,16478250,371,-,-,-,-,-,-,-,-,-,-,-,-
2026-08-13,본부,경북,-,43.7,-0.7,64.6,186,37,39,71,333,0,0,0,0,0,-,-,-,-,-,-,-,-,-,-,-,-
2026-08-13,지사,경북,포항.울릉,33.1,0.1,49.4,12,4,10,6,32,28668390,13549631,15118759,51155250,493,-,-,-,-,-,-,-,-,-,-,-,-
2026-08-13,지사,경북,경주,23.9,-0.7,35.1,11,4,9,23,47,32029060,11140591,20888469,58255875,598,-,-,-,-,-,-,-,-,-,-,-,-
2026-08-13,지사,경북,안동,45.6,-1.5,73.6,7,2,1,2,12,5622950,4117558,1505392,11290000,222,-,-,-,-,-,-,-,-,-,-,-,-
2026-08-13,지사,경북,구미.김천,55.2,-1.4,72.3,11,3,0,0,14,15454790,10867211,4587579,24596438,311,-,-,-,-,-,-,-,-,-,-,-,-
2026-08-13,지사,경북,영주.봉화,68.7,-1.1,103,11,0,0,0,11,18079440,18618688,0,33894613,0,-,-,-,-,-,-,-,-,-,-,-,-
2026-08-13,지사,경북,영천,43.7,0.2,60.2,14,4,4,10,32,15492320,9187363,6304957,26278375,400,-,-,-,-,-,-,-,-,-,-,-,-
2026-08-13,지사,경북,상주,48.8,-1.7,71.9,14,4,1,0,19,20440640,14704601,5736039,37631375,254,-,-,-,-,-,-,-,-,-,-,-,-
2026-08-13,지사,경북,문경,54.3,-0.9,75.1,5,1,0,0,6,25514710,19146684,6368026,44088875,241,-,-,-,-,-,-,-,-,-,-,-,-
2026-08-13,지사,경북,경산.청도,39.9,-0.4,56.5,17,5,6,5,33,25963610,14182097,11781513,44395938,442,-,-,-,-,-,-,-,-,-,-,-,-
2026-08-13,지사,경북,의성.군위,37.8,-1,66.9,20,1,1,8,30,17502920,11642478,5860442,38465013,254,-,-,-,-,-,-,-,-,-,-,-,-
2026-08-13,지사,경북,청송.영양,47,-0.3,75,9,2,4,4,19,12919520,9649658,3269862,25689500,212,-,-,-,-,-,-,-,-,-,-,-,-
2026-08-13,지사,경북,영덕.울진,53.6,-0.4,82.9,25,1,0,2,28,17199350,14149427,3049923,33008500,154,-,-,-,-,-,-,-,-,-,-,-,-
2026-08-13,지사,경북,고령,34.8,-1.2,61.3,1,0,0,6,7,4531850,2775960,1755890,9966250,294,-,-,-,-,-,-,-,-,-,-,-,-
2026-08-13,지사,경북,성주,38.1,-1.2,58,5,1,0,0,6,24435230,13842319,10592911,45454875,388,-,-,-,-,-,-,-,-,-,-,-,-
2026-08-13,지사,경북,칠곡,38.3,-0.5,46.8,8,3,2,4,17,8751950,3892504,4859446,12695325,638,-,-,-,-,-,-,-,-,-,-,-,-
2026-08-13,지사,경북,예천,65.7,-1.5,96,9,1,0,0,10,5812180,5567799,244381,10593488,38,-,-,-,-,-,-,-,-,-,-,-,-
2026-08-13,지사,경북,달성,46.1,-0.3,64.8,7,1,1,1,10,15249650,9826541,5423109,26670750,339,-,-,-,-,-,-,-,-,-,-,-,-
2026-08-13,본부,경남,-,32.4,-0.4,45.5,67,46,59,146,318,0,0,0,0,0,-,-,-,-,-,-,-,-,-,-,-,-
2026-08-13,지사,경남,김해.양산.부산,29.6,-0.1,46.9,1,1,2,1,5,2064500,939367,1125133,3966125,473,-,-,-,-,-,-,-,-,-,-,-,-
2026-08-13,지사,경남,고성.통영.거제,37.8,-0.6,48.3,8,3,7,13,31,17188660,8112915,9075745,26842625,564,-,-,-,-,-,-,-,-,-,-,-,-
2026-08-13,지사,경남,울산,33.3,-0.6,42.4,6,7,2,16,31,11728040,4596484,7131556,17244413,689,-,-,-,-,-,-,-,-,-,-,-,-
2026-08-13,지사,경남,진주.산청,31.2,-0.1,42.5,13,9,11,24,57,28301510,12025482,16276028,48246613,562,-,-,-,-,-,-,-,-,-,-,-,-
2026-08-13,지사,경남,의령,26.8,-0.5,37.6,2,2,4,11,19,11570350,4340960,7229390,20241250,595,-,-,-,-,-,-,-,-,-,-,-,-
2026-08-13,지사,경남,함안,26.2,0.6,39.4,1,1,2,6,10,4053140,1578276,2474864,7526750,548,-,-,-,-,-,-,-,-,-,-,-,-
2026-08-13,지사,경남,창녕,29.7,-0.4,41.7,5,1,5,9,20,8334170,3438526,4895644,14468000,564,-,-,-,-,-,-,-,-,-,-,-,-
2026-08-13,지사,경남,밀양,23.8,-1,32.1,3,4,1,21,29,12131260,3845416,8285844,20197625,684,-,-,-,-,-,-,-,-,-,-,-,-
2026-08-13,지사,경남,창원,26.7,0.2,38.9,2,1,2,8,13,13096990,3864244,9232746,18066000,852,-,-,-,-,-,-,-,-,-,-,-,-
2026-08-13,지사,경남,사천,38.4,-1.3,51.1,10,4,5,7,26,15967630,8011557,7956073,26065625,509,-,-,-,-,-,-,-,-,-,-,-,-
2026-08-13,지사,경남,거창.함양,38.9,-0.8,60.6,6,3,8,8,25,22260690,13480962,8779728,43336000,338,-,-,-,-,-,-,-,-,-,-,-,-
2026-08-13,지사,경남,합천,33.5,-0.9,46,3,7,7,10,27,14246410,6543901,7702509,24441000,525,-,-,-,-,-,-,-,-,-,-,-,-
2026-08-13,지사,경남,하동.남해,31.2,0.1,46.1,7,3,3,12,25,34499900,15735384,18764516,63083625,496,-,-,-,-,-,-,-,-,-,-,-,-
2026-08-13,본부,제주,-,51,-0.3,87.2,8,0,0,2,10,0,0,0,0,0,-,-,-,-,-,-,-,-,-,-,-,-
2026-08-13,지사,제주,제주본부직할,51,-0.3,87.2,8,0,0,2,10,2231060,1945171,285889,4771250,100,-,-,-,-,-,-,-,-,-,-,-,-
2026-08-14,전국,전국,-,44.9,-1,67.3,1030,243,217,380,1870,0,0,0,0,0,76,148056437.3,1327318833,50.5,74.8,-,76,148056437.3,1327318833,50.5,74.8,-
2026-08-14,본부,경기,-,57.8,-1.5,80.3,93,2,2,0,97,0,0,0,0,0,52,6402569.475,101376300.5,61.6,84.5,-,52,6402569.475,101376300.5,61.6,84.5,-
2026-08-14,지사,경기,여주.이천,60.8,-1.2,82.9,6,0,0,0,6,4667870,3817166,850704,7853750,181,41,193202.25,4008512.25,63.8,85.9,부족,41,193202.25,4008512.25,63.8,85.9,부족
2026-08-14,지사,경기,양평.광주.서울,60.8,-0.7,76.1,7,0,1,0,8,4975560,3560299,1415261,7324250,322,77,338380.35,3949573.35,67.4,79.4,부족,77,338380.35,3949573.35,67.4,79.4,부족
2026-08-14,지사,경기,화성.수원,58.7,-0.7,76.9,19,1,0,0,20,15685250,11768887,3916363,25044625,261,57,856526.175,12552931.18,62.7,80,부족,57,856526.175,12552931.18,62.7,80,부족
2026-08-14,지사,경기,연천.포천.가평,69.9,-1.4,85.7,11,0,0,0,11,8306380,6885890,1420490,12320375,192,32,236551.2,7116019.2,72.2,85.7,부족,32,236551.2,7116019.2,72.2,85.7,부족
2026-08-14,지사,경기,파주,64.3,-1.5,81.6,11,0,1,0,12,11225320,8977939,2247381,17465750,214,45,471575.25,9435202.25,67.5,84.1,부족,45,471575.25,9435202.25,67.5,84.1,부족
2026-08-14,지사,경기,강화.옹진,58.2,-1.7,80.7,17,0,0,0,17,21264300,17029838,4234462,36578875,193,54,1185155.55,18182743.55,62.1,85.5,부족,54,1185155.55,18182743.55,62.1,85.5,부족
2026-08-14,지사,경기,김포,65.6,-0.2,81.9,1,0,0,0,1,59250,48529,10721,92500,193,58,3219,51706,69.9,87.3,부족,58,3219,51706,69.9,87.3,부족
2026-08-14,지사,경기,평택,52.3,-1.8,76.5,5,0,0,0,5,23410540,17879250,5531290,42737500,216,57,1461622.5,19306129.5,56.5,82.5,부족,57,1461622.5,19306129.5,56.5,82.5,부족
2026-08-14,지사,경기,안성,55.9,-1.6,83.2,16,1,0,0,17,30445330,25188084,5257246,56338000,156,49,1656337.2,26773483.2,59.4,87.9,부족,49,1656337.2,26773483.2,59.4,87.9,부족
2026-08-14,본부,강원,-,72.3,1.3,94.7,69,4,3,0,76,0,0,0,0,0,32,2847652.95,90458439.95,74.7,97.3,-,32,2847652.95,90458439.95,74.7,97.3,-
2026-08-14,지사,강원,홍천.춘천,64.4,0.1,82.2,23,4,1,0,28,22973382,18863339,4110043,36641500,187,53,1165199.7,20004543.7,68.2,87.1,부족,53,1165199.7,20004543.7,68.2,87.1,부족
2026-08-14,지사,강원,원주,59.2,3.6,75.4,16,0,0,0,16,9442390,7112203,2330187,15015125,259,52,468471.9,7575713.9,63.1,80.2,부족,52,468471.9,7575713.9,63.1,80.2,부족
2026-08-14,지사,강원,강릉,84.3,4.3,117.9,14,0,0,0,14,20271170,23777924,0,35259500,0,8,169245.6,23923417.6,84.8,118,해소,8,169245.6,23923417.6,84.8,118,해소
2026-08-14,지사,강원,속초.고성.양양,75.4,2.5,100,9,0,0,0,9,12502950,12481031,21919,20704500,0,10,124227,12632395,76.3,101,해소,10,124227,12632395,76.3,101,해소
2026-08-14,지사,강원,철원.화천,72.5,-1.5,92.4,7,0,2,0,9,27763730,25419715,2344015,43833750,89,35,920508.75,26322369.75,75.1,94.8,부족,35,920508.75,26322369.75,75.1,94.8,부족
2026-08-14,본부,충북,-,61.2,-1.3,86.7,123,10,3,2,138,0,0,0,0,0,59,9025561.06,136177463.1,65.4,92.5,-,59,9025561.06,136177463.1,65.4,92.5,-
2026-08-14,지사,충북,청주,68.8,-0.3,87.6,16,1,0,0,17,22931440,20024443,2906997,36388625,133,50,1091658.75,21105399.75,72.5,92,부족,50,1091658.75,21105399.75,72.5,92,부족
2026-08-14,지사,충북,보은,58.3,-1.4,103.7,11,1,1,1,14,20383520,21068456,0,45140675,0,53,1435473.465,22478064.47,62.2,110.3,해소,53,1435473.465,22478064.47,62.2,110.3,해소
2026-08-14,지사,충북,옥천.영동,56.5,-1.3,76.1,25,4,1,1,31,16221560,12336586,3884974,27306563,237,88,1441786.526,13761006.53,63,84.8,부족,88,1441786.526,13761006.53,63,84.8,부족
2026-08-14,지사,충북,진천,54.1,-1.2,86.6,9,0,0,0,9,22137750,19173456,2964294,44334188,111,72,1915236.922,21066856.92,59.4,95.2,해소,72,1915236.922,21066856.92,59.4,95.2,해소
2026-08-14,지사,충북,괴산.증평,57.4,-1.5,75.9,17,3,0,0,20,20233630,15281406,4952224,33264813,248,72,1437039.922,16687268.92,62.7,82.5,부족,72,1437039.922,16687268.92,62.7,82.5,부족
2026-08-14,지사,충북,음성,66.6,-1.2,86.7,20,1,1,0,22,24433130,21121849,3311281,39645850,139,45,1070437.95,22153304.95,69.8,90.7,부족,45,1070437.95,22153304.95,69.8,90.7,부족
2026-08-14,지사,충북,충주.제천.단양,67.1,-2,87.9,25,0,0,0,25,20837230,18306138,2531092,34082125,124,31,633927.525,18925561.53,69.4,90.8,부족,31,633927.525,18925561.53,69.4,90.8,부족
2026-08-14,본부,충남,-,50.6,-1.2,77.8,153,27,5,4,189,0,0,0,0,0,51,13753170.65,200929304.6,53.8,82.2,-,51,13753170.65,200929304.6,53.8,82.2,-
2026-08-14,지사,충남,천안,61.1,-1.6,80.3,17,2,0,0,19,8852110,7025700,1826410,14370000,212,71,612162,7632436,66.4,86.2,부족,71,612162,7632436,66.4,86.2,부족
2026-08-14,지사,충남,공주,59,-1.7,90.9,12,0,0,0,12,13690493,12401052,1289441,26279063,82,51,804139.3278,13180936.33,62.7,96.3,해소,51,804139.3278,13180936.33,62.7,96.3,해소
2026-08-14,지사,충남,보령,48,-1.9,71.1,14,4,1,0,19,20034020,14237471,5796549,37067500,261,43,956341.5,15209572.5,51.3,75.9,부족,43,956341.5,15209572.5,51.3,75.9,부족
2026-08-14,지사,충남,아산,58.7,-0.9,73.6,16,2,0,0,18,21055400,15133574,5921826,32235250,306,61,1179810.15,16287831.15,63.2,77.4,부족,61,1179810.15,16287831.15,63.2,77.4,부족
2026-08-14,지사,충남,서산.태안,48.3,-1.8,64.5,21,6,3,2,32,29100540,18584481,10516059,48097913,364,36,1038914.921,19575167.92,50.9,67.3,부족,36,1038914.921,19575167.92,50.9,67.3,부족
2026-08-14,지사,충남,논산,41.7,-2.8,66,5,5,0,0,10,24219980,15941181,8278799,47789750,289,67,1921147.95,17896457.95,46.8,73.9,부족,67,1921147.95,17896457.95,46.8,73.9,부족
2026-08-14,지사,충남,세종.대전.금산,76.5,-0.4,102.2,12,0,0,0,12,11520170,11634468,0,19003875,0,58,661334.85,10390597.85,68.3,90.2,부족,58,661334.85,10390597.85,68.3,90.2,부족
2026-08-14,지사,충남,부여,59.9,-1.2,83.1,9,1,0,0,10,11788610,9732872,2055738,20309375,169,41,499610.625,10221789.63,62.9,86.7,부족,41,499610.625,10221789.63,62.9,86.7,부족
2026-08-14,지사,충남,서천,44.9,-1.5,71.6,7,1,0,0,8,19719930,13942587,5777343,38823000,248,43,1001633.4,14929251.4,48.1,75.7,부족,43,1001633.4,14929251.4,48.1,75.7,부족
2026-08-14,지사,충남,청양,65.7,-1.7,93,17,0,0,1,18,17447620,16197098,1250522,30803375,68,49,905619.225,17071780.23,69.3,97.8,해소,49,905619.225,17071780.23,69.3,97.8,해소
2026-08-14,지사,충남,홍성,53.3,-1.3,76,8,1,1,0,10,7598590,5723920,1874670,13433875,233,51,411076.575,6126080.575,57,80.6,부족,51,411076.575,6126080.575,57,80.6,부족
2026-08-14,지사,충남,예산,43.3,-0.1,83,10,3,0,0,13,55086734,45725285,9361449,132032375,118,45,3564874.125,49281403.13,46.7,89.5,부족,45,3564874.125,49281403.13,46.7,89.5,부족
2026-08-14,지사,충남,당진,53.5,-0.7,66.8,5,2,0,1,8,4377810,2918989,1458821,6823125,356,48,196506,3126000,57.3,71.4,부족,48,196506,3126000,57.3,71.4,부족
2026-08-14,본부,전북,-,38,-1.1,59.7,98,43,30,32,203,0,0,0,0,0,67,21632236.71,175591226.7,43.4,67.6,-,67,21632236.71,175591226.7,43.4,67.6,-
2026-08-14,지사,전북,남원,37.2,-1.1,56,9,2,4,4,19,31630820,17561195,14069625,58988625,398,122,4317967.35,21803369.35,46.2,68.9,부족,122,4317967.35,21803369.35,46.2,68.9,부족
2026-08-14,지사,전북,순창,42.4,-0.9,71.4,11,10,3,5,29,12919350,9192900,3726450,27115000,229,85,1382865,10561278,48.7,81.7,부족,85,1382865,10561278,48.7,81.7,부족
2026-08-14,지사,전북,동진,46.1,-1.4,66,5,1,1,0,7,15672200,10340994,5331206,28021125,317,57,958322.475,11285495.48,50.3,72,부족,57,958322.475,11285495.48,50.3,72,부족
2026-08-14,지사,전북,부안,45.9,-0.3,67.9,7,2,1,1,11,20197830,13535203,6662627,36875500,301,49,1084139.7,14642191.7,49.6,72.5,부족,49,1084139.7,14642191.7,49.6,72.5,부족
2026-08-14,지사,전북,군산,48.1,-1.1,72.6,8,1,0,1,10,15825420,11331291,4494129,29477500,254,52,919698,12278081,52.1,77.6,부족,52,919698,12278081,52.1,77.6,부족
2026-08-14,지사,전북,익산,45.6,-0.7,67.6,8,1,0,0,9,4178960,2809570,1369390,7704500,296,57,263493.9,3071764.9,49.8,73.5,부족,57,263493.9,3071764.9,49.8,73.5,부족
2026-08-14,지사,전북,전주.완주.임실,34.8,-1.1,55.5,13,8,6,10,37,81795230,45237746,36557484,162412750,375,72,7016230.8,52265620.8,40.2,63.9,부족,72,7016230.8,52265620.8,40.2,63.9,부족
2026-08-14,지사,전북,고창,34.1,-2,51.2,13,5,5,6,29,20480470,10467611,10012859,38348013,435,48,1104422.774,11546929.77,37.6,56.4,부족,48,1104422.774,11546929.77,37.6,56.4,부족
2026-08-14,지사,전북,정읍,30.8,-1.2,52.2,2,4,5,2,13,21782570,11367581,10414989,46201125,376,50,1386033.75,12754698.75,34.5,58.6,부족,50,1386033.75,12754698.75,34.5,58.6,부족
2026-08-14,지사,전북,무진장,39,-0.8,63.7,22,9,5,3,39,35222970,22206507,13016463,71090288,305,75,3199062.96,25381796.96,44.6,72.1,부족,75,3199062.96,25381796.96,44.6,72.1,부족
2026-08-14,본부,전남,-,39.2,-1.2,62.1,236,77,78,115,506,0,0,0,0,0,91,41289353.52,299264048.5,45.3,71.4,-,91,41289353.52,299264048.5,45.3,71.4,-
2026-08-14,지사,전남,광주,27.9,-1.4,44.6,4,3,1,5,13,3125740,1362355,1763385,6101125,482,82,300175.35,1666692.35,34.1,53.3,부족,82,300175.35,1666692.35,34.1,53.3,부족
2026-08-14,지사,전남,순천.광양.여수,42.2,-1.2,54.1,17,3,7,1,28,14869630,7945897,6923733,23519625,491,126,1778083.65,9708385.65,51.6,65.3,부족,126,1778083.65,9708385.65,51.6,65.3,부족
2026-08-14,지사,전남,나주,49,-1.1,85.8,24,6,5,6,41,69307690,59077904,10229786,150612375,113,93,8404170.525,67413938.53,55.9,97.3,해소,93,8404170.525,67413938.53,55.9,97.3,해소
2026-08-14,지사,전남,담양,44.7,-0.4,72,8,1,4,2,15,61018450,43751496,17266954,122244725,235,68,4987584.78,48645174.78,49.7,79.7,부족,68,4987584.78,48645174.78,49.7,79.7,부족
2026-08-14,지사,전남,곡성,27.2,-1.2,47.5,5,3,6,13,27,10074280,4779436,5294844,21927075,402,111,1460343.195,6236902.195,35.6,61.9,부족,111,1460343.195,6236902.195,35.6,61.9,부족
2026-08-14,지사,전남,구례,36,-1.9,48.9,4,0,4,8,16,10832810,5245395,5587415,18223250,511,126,1377677.7,6599324.7,45.3,60.9,부족,126,1377677.7,6599324.7,45.3,60.9,부족
2026-08-14,지사,전남,고흥,33.7,-0.8,48.5,9,3,13,12,37,16684550,7999090,8685460,29682875,488,123,2190596.175,10185515.18,42.9,61,부족,123,2190596.175,10185515.18,42.9,61,부족
2026-08-14,지사,전남,보성,44.4,-1.1,56.4,9,6,5,4,24,19144600,10635833,8508767,29944188,474,127,2281747.126,12902115.13,53.9,67.4,부족,127,2281747.126,12902115.13,53.9,67.4,부족
2026-08-14,지사,전남,화순,30.4,-1,48.3,5,5,3,10,23,19281900,9262093,10019807,38067500,439,84,1918602,11151553,36.6,57.8,부족,84,1918602,11151553,36.6,57.8,부족
2026-08-14,지사,전남,장흥,37.2,-1.7,55.4,7,7,3,8,25,15289740,8421966,6867774,28314875,404,116,1970715.3,10378499.3,45.8,67.9,부족,116,1970715.3,10378499.3,45.8,67.9,부족
2026-08-14,지사,전남,강진,43.9,-1.3,66.3,15,2,3,3,23,20642640,13640794,7001846,38831625,301,114,2656083.15,16186078.15,52.1,78.4,부족,114,2656083.15,16186078.15,52.1,78.4,부족
2026-08-14,지사,전남,해남.완도,38.8,-2.1,57.6,21,16,5,16,58,26436320,15164880,11271440,48861000,384,66,1934895.6,17059315.6,43.6,64.5,부족,66,1934895.6,17059315.6,43.6,64.5,부족
2026-08-14,지사,전남,영암,39.9,-1.2,64.4,21,4,5,6,36,11390210,7207645,4182565,22573725,309,82,1110627.27,8293618.27,45.9,72.8,부족,82,1110627.27,8293618.27,45.9,72.8,부족
2026-08-14,지사,전남,목포.무안.신안,40.1,-1.4,61.7,34,5,2,9,50,10723779,6536679,4187100,20370414,343,61,745557.1524,7269430.152,44.6,67.8,부족,61,745557.1524,7269430.152,44.6,67.8,부족
2026-08-14,지사,전남,함평,38.1,-2.1,63.5,13,2,1,3,19,9659350,6072718,3586632,19942000,300,62,741842.4,6819803.4,42.7,70.6,부족,62,741842.4,6819803.4,42.7,70.6,부족
2026-08-14,지사,전남,영광,30.8,-1.7,50.1,12,5,3,4,24,17718430,8807626,8910804,35755750,415,62,1330113.9,10103063.9,35.3,57,부족,62,1330113.9,10103063.9,35.3,57,부족
2026-08-14,지사,전남,장성,30.5,-1.1,50.8,19,4,3,0,26,73949940,37471455,36478485,153619000,396,59,5438112.6,42855640.6,34.9,58,부족,59,5438112.6,42855640.6,34.9,58,부족
2026-08-14,지사,전남,진도,38.9,-1.8,58.5,9,2,5,5,21,8909780,5128642,3781138,16478250,382,67,662425.65,5788997.65,43.9,65,부족,67,662425.65,5788997.65,43.9,65,부족
2026-08-14,본부,경북,-,43.2,-0.8,64,184,35,40,74,333,0,0,0,0,0,82,25102894.01,209477755,49,71.5,-,82,25102894.01,209477755,49,71.5,-
2026-08-14,지사,경북,포항.울릉,32.8,-0.3,49.1,11,5,9,7,32,28567910,13423395,15144515,51155250,493,60,1841589,15235010,37.2,53.3,부족,60,1841589,15235010,37.2,53.3,부족
2026-08-14,지사,경북,경주,23.6,-0.5,34.8,11,3,9,24,47,31976800,11007973,20968827,58255875,600,64,2237025.6,13254555.6,28.4,41.5,부족,64,2237025.6,13254555.6,28.4,41.5,부족
2026-08-14,지사,경북,안동,45,-1,73,7,1,2,2,12,5596200,4061020,1535180,11290000,227,95,643530,4698038,52,84,부족,95,643530,4698038,52,84,부족
2026-08-14,지사,경북,구미.김천,54.3,-1.5,71.1,11,3,0,0,14,15436250,10682404,4753846,24596438,322,88,1298691.926,11976038.93,60.9,77.6,부족,88,1298691.926,11976038.93,60.9,77.6,부족
2026-08-14,지사,경북,영주.봉화,67.8,-1.3,101.7,11,0,0,0,11,18082760,18387029,0,33894613,0,56,1138858.997,19504175,71.9,107.9,해소,56,1138858.997,19504175,71.9,107.9,해소
2026-08-14,지사,경북,영천,43.3,0.1,59.5,14,4,4,10,32,15529570,9099609,6429961,26278375,408,87,1371731.175,10459047.18,49.8,67.3,부족,87,1371731.175,10459047.18,49.8,67.3,부족
2026-08-14,지사,경북,상주,47.9,-1.4,70.9,14,4,1,0,19,20335190,14423702,5911488,37631375,262,100,2257882.5,16661992.5,55.3,81.9,부족,100,2257882.5,16661992.5,55.3,81.9,부족
2026-08-14,지사,경북,문경,53.7,-0.9,74.3,5,1,0,0,6,25507960,18948051,6559909,44088875,248,90,2380799.25,21321310.25,60.4,83.6,부족,90,2380799.25,21321310.25,60.4,83.6,부족
2026-08-14,지사,경북,경산.청도,39.6,-0.4,56.4,17,3,8,5,33,25851450,14082153,11769297,44395938,442,84,2237555.275,16326233.28,46,63.2,부족,84,2237555.275,16326233.28,46,63.2,부족
2026-08-14,지사,경북,의성.군위,37.2,-0.9,66.1,20,1,1,8,30,17458950,11460221,5998729,38465013,260,80,1846320.624,13308037.62,43.2,76.2,부족,80,1846320.624,13308037.62,43.2,76.2,부족
2026-08-14,지사,경북,청송.영양,46.6,-0.5,74.5,9,2,4,4,19,12909310,9571983,3337327,25689500,217,56,863167.2,10430624.2,50.8,80.8,부족,56,863167.2,10430624.2,50.8,80.8,부족
2026-08-14,지사,경북,영덕.울진,53.2,-0.4,82.7,25,1,0,2,28,17127950,14048093,3079857,33008500,156,42,831814.2,14868813.2,56.3,86.8,부족,42,831814.2,14868813.2,56.3,86.8,부족
2026-08-14,지사,경북,고령,34.1,-1.1,60.3,1,0,0,6,7,4512380,2721301,1791079,9966250,300,118,705610.5,3419465.5,42.9,75.8,부족,118,705610.5,3419465.5,42.9,75.8,부족
2026-08-14,지사,경북,성주,37.4,-1.1,57.3,4,2,0,0,6,24278890,13601352,10677538,45454875,392,93,2536382.025,16098208.03,44.3,66.3,부족,93,2536382.025,16098208.03,44.3,66.3,부족
2026-08-14,지사,경북,칠곡,38,-0.5,46.3,8,3,1,5,17,8771770,3859946,4911824,12695325,645,87,662695.965,4519273.965,44.5,51.5,부족,87,662695.965,4519273.965,44.5,51.5,부족
2026-08-14,지사,경북,예천,64.9,-1.2,94.9,9,1,0,0,10,5813350,5503122,310228,10593488,49,87,552980.0736,6045901.074,71.3,104,해소,87,552980.0736,6045901.074,71.3,104,해소
2026-08-14,지사,경북,달성,45.3,-0.8,63.9,7,1,1,1,10,15205630,9666445,5539185,26670750,346,106,1696259.7,11351030.7,53.2,74.7,부족,106,1696259.7,11351030.7,53.2,74.7,부족
2026-08-14,본부,경남,-,31.3,-1.2,44.2,66,45,56,151,318,0,0,0,0,0,125,27751076.94,111835947.9,41.9,57.4,-,125,27751076.94,111835947.9,41.9,57.4,-
2026-08-14,지사,경남,김해.양산.부산,29.5,-0.1,47.2,1,1,2,1,5,2040810,935490,1105320,3966125,464,116,276042.3,1211124.3,38.2,59.3,부족,116,276042.3,1211124.3,38.2,59.3,부족
2026-08-14,지사,경남,고성.통영.거제,37.4,-0.5,48,8,3,6,14,31,17121870,8033674,9088196,26842625,564,154,2480258.55,10505833.55,48.9,61.4,부족,154,2480258.55,10505833.55,48.9,61.4,부족
2026-08-14,지사,경남,울산,32.4,-1,41.4,6,7,1,17,31,11696130,4475281,7220849,17244413,698,123,1272637.679,5739997.679,41.6,49.1,부족,123,1272637.679,5739997.679,41.6,49.1,부족
2026-08-14,지사,경남,진주.산청,29.3,-1.5,40,13,9,9,26,57,28343190,11317663,17025527,48246613,588,137,3965871.589,15754427.59,40.8,55.6,부족,137,3965871.589,15754427.59,40.8,55.6,부족
2026-08-14,지사,경남,의령,26.5,-0.3,37.4,2,2,4,11,19,11510480,4292699,7217781,20241250,594,131,1590962.25,5878995.25,36.3,51.1,부족,131,1590962.25,5878995.25,36.3,51.1,부족
2026-08-14,지사,경남,함안,25.4,0.2,38.3,1,1,2,6,10,4039970,1527500,2512470,7526750,556,128,578054.4,2103899.4,34.9,52.1,부족,128,578054.4,2103899.4,34.9,52.1,부족
2026-08-14,지사,경남,창녕,29.8,0.1,41.9,5,1,5,9,20,8324070,3452860,4871210,14468000,561,111,963568.8,4416675.8,38.2,53.1,부족,111,963568.8,4416675.8,38.2,53.1,부족
2026-08-14,지사,경남,밀양,22.8,-1.4,30.9,3,3,2,21,29,12053440,3687188,8366252,20197625,690,99,1199738.925,4871097.925,30.1,40.4,부족,99,1199738.925,4871097.925,30.1,40.4,부족
2026-08-14,지사,경남,창원,26.3,-0.4,38.7,2,1,1,9,13,12941770,3798715,9143055,18066000,843,85,921366,4743810,32.8,36.7,부족,85,921366,4743810,32.8,36.7,부족
2026-08-14,지사,경남,사천,37.7,-1.2,50.3,10,3,6,7,26,15895380,7855701,8039679,26065625,514,122,1908003.75,9756807.75,46.8,61.4,부족,122,1908003.75,9756807.75,46.8,61.4,부족
2026-08-14,지사,경남,거창.함양,38.5,-0.7,60.3,6,3,8,8,25,22158720,13344759,8813961,43336000,339,85,2210136,15540840,44.8,70.1,부족,85,2210136,15540840,44.8,70.1,부족
2026-08-14,지사,경남,합천,33,-0.8,45.5,3,7,7,10,27,14171290,6445043,7726247,24441000,527,99,1451795.4,7885626.4,40.3,55.6,부족,99,1451795.4,7885626.4,40.3,55.6,부족
2026-08-14,지사,경남,하동.남해,28.8,-2.8,42.5,6,4,3,12,25,34503650,14526899,19976751,63083625,528,236,8932641.3,23426812.3,46.4,67.9,부족,236,8932641.3,23426812.3,46.4,67.9,부족
2026-08-14,본부,제주,-,51,0,87.2,8,0,0,2,10,0,0,0,0,0,88,251922,2208347,57.9,99,-,88,251922,2208347,57.9,99,-
2026-08-14,지사,제주,제주본부직할,51,0,87.2,8,0,0,2,10,2230750,1944924,285826,4771250,100,88,251922,2208347,57.9,99,해소,88,251922,2208347,57.9,99,해소
2026-08-15,전국,전국,-,44.6,-0.6,66.7,1015,246,221,388,1870,0,0,0,0,0,70,135932295.1,1308168800,49.7,73.7,-,97,198638121.6,1370874627,52.1,77.2,-
2026-08-15,본부,경기,-,56.9,-1.3,79,91,4,2,0,97,0,0,0,0,0,39,4921271.325,98644126.33,59.9,82.1,-,45,5730248.625,99453103.63,60.4,82.8,-
2026-08-15,지사,경기,여주.이천,60.2,-0.9,82.3,6,0,0,0,6,4663710,3782771,880939,7853750,187,42,197914.5,3980685.5,63.4,85.4,부족,50,235612.5,4018383.5,64,86.2,부족
2026-08-15,지사,경기,양평.광주.서울,60.6,-0.3,76,7,0,1,0,8,4976110,3552651,1423459,7324250,324,51,224122.05,3776773.05,64.5,75.9,부족,55,241700.25,3794351.25,64.8,76.3,부족
2026-08-15,지사,경기,화성.수원,57.9,-0.8,75.7,18,2,0,0,20,15715240,11606863,4108377,25044625,273,47,706258.425,12313121.43,61.5,78.4,부족,52,781392.3,12388255.3,61.8,78.8,부족
2026-08-15,지사,경기,연천.포천.가평,69.6,-0.6,85.4,11,0,0,0,11,8309560,6863051,1446509,12320375,196,32,236551.2,7099602.2,72,85.4,부족,34,251335.65,7114386.65,72.2,85.6,부족
2026-08-15,지사,경기,파주,63.5,-1.2,80.6,11,0,1,0,12,11236370,8876820,2359550,17465750,225,30,314383.5,9191203.5,65.8,81.8,부족,35,366780.75,9243600.75,66.2,82.3,부족
2026-08-15,지사,경기,강화.옹진,57.3,-1.4,79.1,16,1,0,0,17,21363410,16770016,4593394,36578875,209,30,658419.75,17428435.75,59.6,81.6,부족,35,768156.375,17538172.38,59.9,82.1,부족
2026-08-15,지사,경기,김포,65.7,0.1,81.6,1,0,0,0,1,59550,48615,10935,92500,197,33,1831.5,50446.5,68.2,84.7,부족,41,2275.5,50890.5,68.8,85.5,부족
2026-08-15,지사,경기,평택,51.3,-1.6,75.1,5,0,0,0,5,23372760,17529620,5843140,42737500,228,44,1128270,18657890,54.6,79.8,부족,53,1359052.5,18888672.5,55.2,80.8,부족
2026-08-15,지사,경기,안성,54.8,-1.5,81.5,16,1,0,0,17,30465780,24692448,5773332,56338000,171,43,1453520.4,26145968.4,58,85.8,부족,51,1723942.8,26416390.8,58.6,86.7,부족
2026-08-15,본부,강원,-,71.9,0.5,93.9,67,7,2,0,76,0,0,0,0,0,26,2482786.8,89556895.8,73.9,96.2,-,32,2915892,89990001,74.3,96.6,-
2026-08-15,지사,강원,홍천.춘천,63.6,1.8,81.3,23,4,1,0,28,22976574,18650465,4326109,36641500,197,48,1055275.2,19705740.2,67.2,85.8,부족,52,1143214.8,19793679.8,67.5,86.1,부족
2026-08-15,지사,강원,원주,58.4,1.2,74.2,14,2,0,0,16,9451020,7009803,2441217,15015125,271,34,306308.55,7316111.55,60.9,77.4,부족,42,378381.15,7388184.15,61.5,78.2,부족
2026-08-15,지사,강원,강릉,83.5,-0.3,116.4,14,0,0,0,14,20346730,23548391,0,35259500,0,8,169245.6,23717636.6,84.1,116.6,해소,13,275024.1,23823415.1,84.5,117.1,해소
2026-08-15,지사,강원,속초.고성.양양,76.7,2.4,101.4,9,0,0,0,9,12544150,12707886,0,20704500,0,11,136649.7,12844535.7,77.5,102.4,해소,16,198763.2,12906649.2,77.9,102.9,해소
2026-08-15,지사,강원,철원.화천,71.7,-1.1,91.3,7,1,1,0,9,27809430,25157564,2651866,43833750,101,31,815307.75,25972871.75,74.1,93.4,부족,35,920508.75,26078072.75,74.4,93.8,부족
2026-08-15,본부,충북,-,60.5,-1,85.7,122,10,4,2,138,0,0,0,0,0,46,7143626.029,133150851,64,90.3,-,54,8303207.803,134310432.8,64.5,91.1,-
2026-08-15,지사,충북,청주,68.6,-0.2,87.7,17,0,0,0,17,22854950,19980987,2873963,36388625,132,53,1157158.275,21138145.28,72.6,92.5,부족,60,1309990.5,21290977.5,73.1,93.2,부족
2026-08-15,지사,충북,보은,57.7,-0.9,102.1,10,2,1,1,14,20485910,20838020,0,45140675,0,46,1245882.63,22083902.63,61.2,107.8,해소,55,1489642.275,22327662.28,61.8,109,해소
2026-08-15,지사,충북,옥천.영동,55.8,-1.1,74.9,25,4,1,1,31,16301130,12195496,4105634,27306563,251,51,835580.8278,13031076.83,59.7,79.9,부족,73,1196027.459,13391523.46,61.3,82.2,부족
2026-08-15,지사,충북,진천,53.8,-0.6,86.1,9,0,0,0,9,22141670,19071179,3070491,44334188,115,33,877816.9224,19948995.92,56.2,90.1,부족,41,1090621.025,20161800.02,56.8,91.1,부족
2026-08-15,지사,충북,괴산.증평,56.2,-1.6,73.9,17,2,1,0,20,20341150,14957469,5383681,33264813,270,53,1057821.053,16015290.05,60.2,78.7,부족,55,1097738.829,16055207.83,60.3,78.9,부족
2026-08-15,지사,충북,음성,65.7,-1.3,85.5,20,1,1,0,22,24443300,20843079,3600221,39645850,151,57,1355888.07,22198967.07,70,90.8,부족,59,1403463.09,22246542.09,70.1,91,부족
2026-08-15,지사,충북,충주.제천.단양,66.5,-1.2,87,24,1,0,0,25,20820270,18120995,2699275,34082125,132,30,613478.25,18734473.25,68.7,90,부족,35,715724.625,18836719.63,69.1,90.5,부족
2026-08-15,본부,충남,-,50.4,-0.5,77.5,154,25,5,5,189,0,0,0,0,0,47,12441822.99,200860036,53.8,82.1,-,60,16243159.23,204661372.2,54.8,83.6,-
2026-08-15,지사,충남,천안,60.6,-0.9,79.5,17,2,0,0,19,8863780,6967527,1896253,14370000,220,55,474210,7441737,64.7,84,부족,59,508698,7476225,65,84.3,부족
2026-08-15,지사,충남,공주,57.9,-1.6,89,11,1,0,0,12,13716444,12172309,1544135,26279063,98,54,851441.6412,13023750.64,61.9,94.9,미흡,67,1056418.333,13228727.33,62.9,96.4,해소
2026-08-15,지사,충남,보령,48.1,-0.4,71.5,14,3,2,0,19,19966990,14263404,5703586,37067500,256,34,756177,15019581,50.6,75.2,부족,50,1112025,15375429,51.8,77,부족
2026-08-15,지사,충남,아산,58.2,-0.8,73,16,2,0,0,18,21066610,15005525,6061085,32235250,313,42,812328.3,15817853.3,61.3,75.1,부족,49,947716.35,15953241.35,61.9,75.7,부족
2026-08-15,지사,충남,서산.태안,47.9,-0.9,63.9,22,5,2,3,32,29128360,18433786,10694574,48097913,371,36,1038914.921,19472700.92,50.6,66.9,부족,58,1673807.372,20107593.37,52.3,69,부족
2026-08-15,지사,충남,논산,41.9,-0.4,66.5,6,4,0,0,10,24124220,16006225,8117995,47789750,283,84,2408603.4,18414828.4,48.2,76.3,부족,104,2982080.4,18988305.4,49.7,78.7,부족
2026-08-15,지사,충남,세종.대전.금산,76.2,-0.3,101.6,12,0,0,0,12,11548270,11588113,0,19003875,0,47,535909.275,12124022.28,79.7,105,해소,53,604323.225,12192436.23,80.2,105.6,해소
2026-08-15,지사,충남,부여,59.5,-0.8,82.4,9,1,0,0,10,11801040,9660546,2140494,20309375,176,48,584910,10245456,63.1,86.8,부족,66,804251.25,10464797.25,64.4,88.7,부족
2026-08-15,지사,충남,서천,44.3,-1,70.7,7,1,0,0,8,19695910,13753090,5942820,38823000,255,49,1141396.2,14894486.2,48,75.6,부족,74,1723741.2,15476831.2,49.8,78.6,부족
2026-08-15,지사,충남,청양,64.9,-1.2,91.3,17,0,0,1,18,17548240,16000278,1547962,30803375,84,48,887137.2,16887415.2,68.5,96.2,미흡,55,1016511.375,17016789.38,69.1,97,해소
2026-08-15,지사,충남,홍성,52.3,-1.5,74.2,8,1,1,0,10,7632420,5617069,2015351,13433875,250,35,282111.375,5899180.375,54.9,77.3,부족,48,386895.6,6003964.6,55.9,78.7,부족
2026-08-15,지사,충남,예산,43.5,0.3,83.1,10,3,0,0,13,55227734,45898455,9329279,132032375,118,31,2455802.175,48354257.18,45.8,87.6,부족,40,3168777,49067232,46.5,88.8,부족
2026-08-15,지사,충남,당진,55.9,2.5,69.9,5,2,0,1,8,4374580,3051886,1322694,6823125,323,52,212881.5,3264767.5,59.8,74.6,부족,63,257914.125,3309800.125,60.6,75.7,부족
2026-08-15,본부,전북,-,38.1,-0.3,59.6,97,42,31,33,203,0,0,0,0,0,47,15783545.43,170021811.4,42,65.2,-,91,29845361.17,184083627.2,45.5,70.6,-
2026-08-15,지사,전북,남원,36.4,-1.1,54.7,8,3,4,4,19,31657740,17175005,14482735,58988625,409,85,3008419.875,20183424.88,42.8,63.8,부족,126,4459540.05,21634545.05,45.8,68.3,부족
2026-08-15,지사,전북,순창,41.8,-0.8,70.3,12,8,4,5,29,12928750,9057443,3871307,27115000,238,49,797181,9854624,45.4,76.2,부족,115,1870935,10928378,50.4,84.5,부족
2026-08-15,지사,전북,동진,45.9,-0.9,65.5,5,1,1,0,7,15712570,10294723,5417847,28021125,322,44,739757.7,11034480.7,49.2,70.2,부족,80,1345014,11639737,51.9,74.1,부족
2026-08-15,지사,전북,부안,47.5,1.5,70.2,7,2,1,1,11,20236170,14026896,6209274,36875500,281,40,885012,14911908,50.5,73.7,부족,80,1770024,15796920,53.5,78.1,부족
2026-08-15,지사,전북,군산,48.4,-0.2,72.9,8,1,0,1,10,15851960,11405320,4446640,29477500,251,37,654400.5,12059720.5,51.1,76.1,부족,78,1379547,12784867,54.2,80.7,부족
2026-08-15,지사,전북,익산,45.1,-0.5,66.9,8,1,0,0,9,4178020,2778734,1399286,7704500,303,33,152549.1,2931283.1,47.6,70.2,부족,60,277362,3056096,49.6,73.1,부족
2026-08-15,지사,전북,전주.완주.임실,35.3,0.2,55.9,13,7,7,10,37,82432990,45854118,36578872,162412750,375,58,5651963.7,51506081.7,39.6,62.5,부족,113,11011584.45,56865702.45,43.8,69,부족
2026-08-15,지사,전북,고창,33.8,-1,50.7,13,5,5,6,29,20456160,10354965,10101195,38348013,439,47,1081413.967,11436378.97,37.3,55.9,부족,93,2139819.125,12494784.13,40.7,61.1,부족
2026-08-15,지사,전북,정읍,30.7,-0.5,51.8,2,4,5,2,13,21918230,11344762,10573468,46201125,381,43,1191989.025,12536751.03,33.9,57.2,부족,94,2605743.45,13950505.45,37.7,63.6,부족
2026-08-15,지사,전북,무진장,38.6,-0.7,63,21,10,4,4,39,35217760,21946300,13271460,71090288,311,38,1620858.566,23567158.57,41.4,66.9,부족,70,2985792.096,24932092.1,43.8,70.8,부족
2026-08-15,본부,전남,-,38.7,-0.9,61.3,237,74,76,119,506,0,0,0,0,0,92,39937713.26,295105205.3,44.7,70.4,-,144,67929839.52,323097331.5,49,77.1,-
2026-08-15,지사,전남,광주,28.3,-0.1,45.1,5,3,1,4,13,3133490,1380440,1753050,6101125,479,67,245265.225,1625705.225,33.3,51.9,부족,130,475887.75,1856327.75,38,59.2,부족
2026-08-15,지사,전남,순천.광양.여수,42.1,-0.5,54,17,3,7,1,28,14844960,7917421,6927539,23519625,491,135,1905089.625,9822510.625,52.2,66.2,부족,183,2582454.825,10499875.83,55.8,70.7,부족
2026-08-15,지사,전남,나주,48.3,-1,84.4,25,4,5,7,41,69509010,58249644,11259366,150612375,125,67,6054617.475,64304261.48,53.4,92.5,미흡,132,11928500.1,70178144.1,58.2,101,해소
2026-08-15,지사,전남,담양,44,-0.9,70.8,8,1,4,2,15,61082490,43048562,18033928,122244725,246,70,5134278.45,48182840.45,49.3,78.9,부족,127,9315048.045,52363610.05,53.5,85.7,미흡
2026-08-15,지사,전남,곡성,26.6,-1,46.4,6,2,4,15,27,10058300,4659732,5398568,21927075,410,73,960405.885,5620137.885,32,55.9,부족,119,1565593.155,6225325.155,35.5,61.9,부족
2026-08-15,지사,전남,구례,34.7,-1.8,47.3,4,0,4,8,16,10802890,5058053,5744837,18223250,525,146,1596356.7,6654409.7,45.6,61.6,부족,182,1989978.9,7048031.9,48.3,65.2,부족
2026-08-15,지사,전남,고흥,33.8,-0.2,48.7,9,6,10,12,37,16678770,8027508,8651262,29682875,486,144,2564600.4,10592108.4,44.6,63.5,부족,186,3312608.85,11340116.85,47.8,68,부족
2026-08-15,지사,전남,보성,44.1,-0.6,56,8,6,5,5,24,19141980,10563009,8578971,29944188,477,154,2766842.971,13329851.97,55.6,69.6,부족,189,3395670.919,13958679.92,58.3,72.9,부족
2026-08-15,지사,전남,화순,29.8,-1,47.3,4,6,3,10,23,19266420,9061107,10205313,38067500,447,65,1484632.5,10545739.5,34.6,54.7,부족,125,2855062.5,11916169.5,39.1,61.8,부족
2026-08-15,지사,전남,장흥,38.2,0.7,56.9,8,6,4,7,25,15292360,8643427,6648933,28314875,391,168,2854139.4,11497566.4,50.8,75.2,부족,206,3499718.55,12143145.55,53.6,79.4,미흡
2026-08-15,지사,전남,강진,43.8,-0.4,66.2,15,2,3,3,23,20626140,13594434,7031706,38831625,302,147,3424949.325,17019383.33,54.8,82.5,부족,189,4403506.275,17997940.28,57.9,87.3,해소
2026-08-15,지사,전남,해남.완도,38.5,-1.1,57.1,22,15,5,16,58,26449190,15039310,11409880,48861000,389,56,1641729.6,16681039.6,42.7,63.1,부족,94,2755760.4,17795070.4,45.5,67.3,부족
2026-08-15,지사,전남,영암,39.2,-1,63.3,19,5,6,6,36,11372680,7081994,4290686,22573725,317,70,948096.45,8030090.45,44.5,70.6,부족,122,1652396.67,8734390.67,48.4,76.8,부족
2026-08-15,지사,전남,목포.무안.신안,39.8,-0.9,61,34,4,3,9,50,10741869,6481002,4260867,20370414,349,58,708890.4072,7189892.407,44.1,66.9,부족,134,1637781.286,8118783.286,49.8,75.6,부족
2026-08-15,지사,전남,함평,38,-0.6,63.2,13,2,1,3,19,9702660,6070314,3632346,19942000,304,60,717912,6788226,42.5,70,부족,134,1603336.8,7673650.8,48.1,79.1,부족
2026-08-15,지사,전남,영광,30,-1.3,48.8,12,3,4,5,24,17752260,8592351,9159909,35755750,427,58,1244300.1,9836651.1,34.4,55.4,부족,130,2788948.5,11381299.5,39.8,64.1,부족
2026-08-15,지사,전남,장성,29.8,-1,49.7,19,4,3,0,26,73887280,36638878,37248402,153619000,404,56,5161598.4,41800476.4,34,56.6,부족,123,11337082.2,47975960.2,39,64.9,부족
2026-08-15,지사,전남,진도,38.4,-0.9,57.8,9,2,4,6,21,8894430,5060306,3834124,16478250,388,53,524008.35,5584314.35,42.4,62.8,부족,84,830503.8,5890809.8,44.7,66.2,부족
2026-08-15,본부,경북,-,42.7,-0.6,63.2,176,41,41,75,333,0,0,0,0,0,87,27947092.44,210568496.4,49.3,71.7,-,111,35319116.37,217940520.4,51,74.3,-
2026-08-15,지사,경북,포항.울릉,32.7,-0.2,48.8,11,5,9,7,32,28609700,13368281,15241419,51155250,497,93,2854462.95,16222743.95,39.6,56.7,부족,103,3161394.45,16529675.45,40.4,57.8,부족
2026-08-15,지사,경북,경주,23.5,-0.2,34.6,8,6,9,24,47,31994560,10956555,21038005,58255875,602,98,3425445.45,14382000.45,30.9,45,부족,120,4194423,15150978,32.5,47.4,부족
2026-08-15,지사,경북,안동,44.3,-0.9,71.9,7,1,2,2,12,5593680,4001806,1591874,11290000,235,67,453858,4455664,49.3,79.7,부족,90,609660,4611466,51.1,82.4,부족
2026-08-15,지사,경북,구미.김천,53.8,-1,70.3,11,3,0,0,14,15478900,10591843,4887057,24596438,331,81,1195386.887,11787229.89,59.9,76.2,부족,119,1756185.673,12348028.67,62.8,79.8,부족
2026-08-15,지사,경북,영주.봉화,67.1,-1,100.6,11,0,0,0,11,18100890,18195130,0,33894613,0,64,1301553.139,19496683.14,71.9,107.7,해소,80,1626941.424,19822071.42,73.1,109.5,해소
2026-08-15,지사,경북,영천,43.1,0.2,58.8,13,4,5,10,32,15631020,9056975,6574045,26278375,417,112,1765906.8,10822881.8,51.5,69.2,부족,130,2049713.25,11106688.25,52.8,71.1,부족
2026-08-15,지사,경북,상주,47.3,-1,70,12,6,1,0,19,20341870,14236387,6105483,37631375,270,69,1557938.925,15794325.93,52.5,77.6,부족,91,2054673.075,16291060.08,54.1,80.1,부족
2026-08-15,지사,경북,문경,53,-1,73.1,5,1,0,0,6,25568940,18684229,6884711,44088875,260,61,1613652.825,20297881.83,57.5,79.4,부족,74,1957546.05,20641775.05,58.5,80.7,부족
2026-08-15,지사,경북,경산.청도,39.4,-0.3,56,17,3,7,6,33,25872220,14003948,11868272,44395938,446,102,2717031.406,16720979.41,47.1,64.6,부족,127,3382970.476,17386918.48,49,67.2,부족
2026-08-15,지사,경북,의성.군위,37,-0.5,65.2,20,1,1,8,30,17562680,11381694,6180986,38465013,268,77,1777083.601,13158777.6,42.8,74.9,부족,106,2446374.827,13828068.83,44.9,78.7,부족
2026-08-15,지사,경북,청송.영양,46.3,-0.4,73.7,9,2,4,4,19,12968820,9513628,3455192,25689500,224,90,1387233,10900861,53,84.1,부족,114,1757161.8,11270789.8,54.8,86.9,미흡
2026-08-15,지사,경북,영덕.울진,52.6,-0.7,81.5,25,1,0,2,28,17190270,13902906,3287364,33008500,166,79,1564602.9,15467508.9,58.6,90,부족,99,1960704.9,15863610.9,60.1,92.3,미흡
2026-08-15,지사,경북,고령,33.4,-1,59,1,0,0,6,7,4512440,2662252,1850188,9966250,309,114,681691.5,3343943.5,41.9,74.1,부족,142,849124.5,3511376.5,44,77.8,부족
2026-08-15,지사,경북,성주,36.6,-1.1,56.1,3,2,1,0,6,24253650,13298050,10955600,45454875,402,100,2727292.5,16025342.5,44.1,66.1,부족,145,3954574.125,17252624.13,47.4,71.1,부족
2026-08-15,지사,경북,칠곡,37.6,-0.6,45.7,7,4,1,5,17,8803970,3819408,4984562,12695325,654,104,792188.28,4611596.28,45.4,52.4,부족,136,1035938.52,4855346.52,47.8,55.1,부족
2026-08-15,지사,경북,예천,64.5,-0.8,94.1,9,1,0,0,10,5819190,5465480,353710,10593488,56,66,419502.1248,5884982.125,69.4,101.1,해소,77,489419.1456,5954899.146,70.3,102.3,해소
2026-08-15,지사,경북,달성,44.4,-1.3,62.7,7,1,1,1,10,15212600,9482832,5729768,26670750,358,107,1712262.15,11195094.15,52.5,73.6,부족,127,2032311.15,11515143.15,54,75.7,부족
2026-08-15,본부,경남,-,31.1,-0.7,44,63,43,60,152,318,0,0,0,0,0,106,25122711.07,108212567.1,40.5,55.6,-,140,32153767.1,115243623.1,43.2,59.3,-
2026-08-15,지사,경남,김해.양산.부산,29.4,-0.1,47.2,1,0,3,1,5,2037840,934377,1103463,3966125,464,74,176095.95,1110472.95,35,54.5,부족,104,247486.2,1181863.2,37.2,58,부족
2026-08-15,지사,경남,고성.통영.거제,37.2,-0.3,47.8,8,3,6,14,31,17103980,7989149,9114831,26842625,566,184,2963425.8,10952574.8,51,64,부족,222,3575437.65,11564586.65,53.9,67.6,부족
2026-08-15,지사,경남,울산,31.7,-1.2,40.5,4,7,3,17,31,11684570,4371927,7312643,17244413,707,97,1003624.837,5375551.837,39,46,부족,117,1210557.793,5582484.793,40.5,47.8,부족
2026-08-15,지사,경남,진주.산청,30.2,0,41.2,13,9,9,26,57,28303210,11642305,16660905,48246613,576,99,2865848.812,14508153.81,37.6,51.3,부족,134,3879027.685,15521332.69,40.2,54.8,부족
2026-08-15,지사,경남,의령,26.3,-0.4,37,2,1,5,11,19,11497320,4251119,7246201,20241250,597,92,1117317,5368436,33.2,46.7,부족,131,1590962.25,5842081.25,36.1,50.8,부족
2026-08-15,지사,경남,함안,24.9,-0.2,37.7,1,1,2,6,10,4032830,1500258,2532572,7526750,561,81,365800.05,1866058.05,31,46.3,부족,118,532893.9,2033151.9,33.8,50.4,부족
2026-08-15,지사,경남,창녕,29.8,0,42,5,1,4,10,20,8299220,3447813,4851407,14468000,559,86,746548.8,4194361.8,36.2,50.5,부족,121,1050376.8,4498189.8,38.9,54.2,부족
2026-08-15,지사,경남,밀양,22.1,-1.2,30,3,4,1,21,29,12016140,3563209,8452931,20197625,698,61,739233.075,4302442.075,26.6,35.8,부족,92,1114908.9,4678117.9,29,38.9,부족
2026-08-15,지사,경남,창원,26.5,-0.1,39,2,1,1,9,13,12932500,3823051,9109449,18066000,840,72,780451.2,4603502.2,31.9,35.6,부족,100,1083960,4907011,34,37.9,부족
2026-08-15,지사,경남,사천,37.2,-0.8,49.8,10,2,7,7,26,15868510,7766656,8101854,26065625,518,126,1970561.25,9737217.25,46.7,61.4,부족,161,2517939.375,10284595.38,49.3,64.8,부족
2026-08-15,지사,경남,거창.함양,38.2,-0.5,59.7,6,2,8,9,25,22179010,13231000,8948010,43336000,344,94,2444150.4,15675150.4,45.2,70.7,부족,121,3146193.6,16377193.6,47.2,73.8,부족
2026-08-15,지사,경남,합천,32.4,-0.9,44.7,2,8,7,10,27,14165180,6326650,7838530,24441000,535,90,1319814,7646464,39.1,54,부족,125,1833075,8159725,41.7,57.6,부족
2026-08-15,지사,경남,하동.남해,28.2,-1.7,41.9,6,4,4,11,25,34370480,14242342,20128138,63083625,532,228,8629839.9,22872181.9,45.3,66.5,부족,274,10370947.95,24613289.95,48.8,71.6,미흡
2026-08-15,본부,제주,-,49.7,-1.3,84.9,8,0,0,2,10,0,0,0,0,0,53,151725.75,2048810.75,53.7,91.7,-,69,197529.75,2094614.75,54.9,93.7,-
2026-08-15,지사,제주,제주본부직할,49.7,-1.3,84.9,8,0,0,2,10,2234690,1897085,337605,4771250,118,53,151725.75,2048810.75,53.7,91.7,부족,69,197529.75,2094614.75,54.9,93.7,미흡